season,division,date,dateUTC,matchDay,homeID,homeName,homeIcon,guestID,guestName,guestIcon,homeScore,guestScore,locID,locCity,locStadium
2005,bl1,2005-08-05T20:30:00,2005-08-05T18:30:00Z,1,40,FC Bayern München,https://i.imgur.com/jJEsJrj.png,87,Borussia Mönchengladbach,https://i.imgur.com/KSIk0Eu.png,3,0,,,
2005,bl1,2005-08-06T15:30:00,2005-08-06T13:30:00Z,1,65,1. FC Köln,https://upload.wikimedia.org/wikipedia/en/thumb/5/53/FC_Cologne_logo.svg/1200px-FC_Cologne_logo.svg.png,81,1. FSV Mainz 05,https://upload.wikimedia.org/wikipedia/commons/thumb/9/9e/Logo_Mainz_05.svg/1200px-Logo_Mainz_05.svg.png,1,0,,,
2005,bl1,2005-08-06T15:30:00,2005-08-06T13:30:00Z,1,107,MSV Duisburg,https://upload.wikimedia.org/wikipedia/en/c/c8/Msv_duisburg%28new%29.svg,16,VfB Stuttgart,https://i.imgur.com/v0tkpNx.png,1,1,,,
2005,bl1,2005-08-06T15:30:00,2005-08-06T13:30:00Z,1,100,Hamburger SV,https://upload.wikimedia.org/wikipedia/commons/f/f7/Hamburger_SV_logo.svg,79,1. FC Nürnberg,https://upload.wikimedia.org/wikipedia/commons/f/fa/1._FC_Nürnberg_logo.svg,3,0,,,
2005,bl1,2005-08-06T15:30:00,2005-08-06T13:30:00Z,1,131,VfL Wolfsburg,https://i.imgur.com/ucqKV4B.png,7,Borussia Dortmund,https://upload.wikimedia.org/wikipedia/commons/thumb/6/67/Borussia_Dortmund_logo.svg/560px-Borussia_Dortmund_logo.svg.png,2,2,,,
2005,bl1,2005-08-06T15:30:00,2005-08-06T13:30:00Z,1,134,Werder Bremen,https://upload.wikimedia.org/wikipedia/commons/thumb/b/be/SV-Werder-Bremen-Logo.svg/681px-SV-Werder-Bremen-Logo.svg.png,83,Arminia Bielefeld,https://upload.wikimedia.org/wikipedia/de/thumb/e/e5/Logo_Arminia_Bielefeld.svg/2000px-Logo_Arminia_Bielefeld.svg.png,5,2,,,
2005,bl1,2005-08-06T15:30:00,2005-08-06T13:30:00Z,1,55,Hannover 96,https://upload.wikimedia.org/wikipedia/commons/c/cd/Hannover_96_Logo.svg,54,Hertha BSC,https://i.imgur.com/apFwbYZ.png,2,2,,,
2005,bl1,2005-08-07T17:30:00,2005-08-07T15:30:00Z,1,9,FC Schalke 04,https://upload.wikimedia.org/wikipedia/commons/6/6d/FC_Schalke_04_Logo.svg,76,1. FC Kaiserslautern,https://upload.wikimedia.org/wikipedia/commons/d/d3/Logo_1_FC_Kaiserslautern.svg,2,1,,,
2005,bl1,2005-08-07T17:30:00,2005-08-07T15:30:00Z,1,91,Eintracht Frankfurt,https://i.imgur.com/X8NFkOb.png,6,Bayer Leverkusen,https://upload.wikimedia.org/wikipedia/de/thumb/f/f7/Bayer_Leverkusen_Logo.svg/1200px-Bayer_Leverkusen_Logo.svg.png,1,4,,,
2005,bl1,2005-08-13T15:30:00,2005-08-13T13:30:00Z,2,6,Bayer Leverkusen,https://upload.wikimedia.org/wikipedia/de/thumb/f/f7/Bayer_Leverkusen_Logo.svg/1200px-Bayer_Leverkusen_Logo.svg.png,40,FC Bayern München,https://i.imgur.com/jJEsJrj.png,2,5,,,
2005,bl1,2005-08-13T15:30:00,2005-08-13T13:30:00Z,2,87,Borussia Mönchengladbach,https://i.imgur.com/KSIk0Eu.png,131,VfL Wolfsburg,https://i.imgur.com/ucqKV4B.png,1,1,,,
2005,bl1,2005-08-13T15:30:00,2005-08-13T13:30:00Z,2,7,Borussia Dortmund,https://upload.wikimedia.org/wikipedia/commons/thumb/6/67/Borussia_Dortmund_logo.svg/560px-Borussia_Dortmund_logo.svg.png,9,FC Schalke 04,https://upload.wikimedia.org/wikipedia/commons/6/6d/FC_Schalke_04_Logo.svg,1,2,,,
2005,bl1,2005-08-13T15:30:00,2005-08-13T13:30:00Z,2,54,Hertha BSC,https://i.imgur.com/apFwbYZ.png,91,Eintracht Frankfurt,https://i.imgur.com/X8NFkOb.png,2,0,,,
2005,bl1,2005-08-13T15:30:00,2005-08-13T13:30:00Z,2,76,1. FC Kaiserslautern,https://upload.wikimedia.org/wikipedia/commons/d/d3/Logo_1_FC_Kaiserslautern.svg,107,MSV Duisburg,https://upload.wikimedia.org/wikipedia/en/c/c8/Msv_duisburg%28new%29.svg,5,3,,,
2005,bl1,2005-08-13T15:30:00,2005-08-13T13:30:00Z,2,79,1. FC Nürnberg,https://upload.wikimedia.org/wikipedia/commons/f/fa/1._FC_Nürnberg_logo.svg,55,Hannover 96,https://upload.wikimedia.org/wikipedia/commons/c/cd/Hannover_96_Logo.svg,1,1,,,
2005,bl1,2005-08-13T15:30:00,2005-08-13T13:30:00Z,2,83,Arminia Bielefeld,https://upload.wikimedia.org/wikipedia/de/thumb/e/e5/Logo_Arminia_Bielefeld.svg/2000px-Logo_Arminia_Bielefeld.svg.png,100,Hamburger SV,https://upload.wikimedia.org/wikipedia/commons/f/f7/Hamburger_SV_logo.svg,0,2,,,
2005,bl1,2005-08-14T17:30:00,2005-08-14T15:30:00Z,2,16,VfB Stuttgart,https://i.imgur.com/v0tkpNx.png,65,1. FC Köln,https://upload.wikimedia.org/wikipedia/en/thumb/5/53/FC_Cologne_logo.svg/1200px-FC_Cologne_logo.svg.png,2,3,,,
2005,bl1,2005-08-14T17:30:00,2005-08-14T15:30:00Z,2,81,1. FSV Mainz 05,https://upload.wikimedia.org/wikipedia/commons/thumb/9/9e/Logo_Mainz_05.svg/1200px-Logo_Mainz_05.svg.png,134,Werder Bremen,https://upload.wikimedia.org/wikipedia/commons/thumb/b/be/SV-Werder-Bremen-Logo.svg/681px-SV-Werder-Bremen-Logo.svg.png,0,2,,,
2005,bl1,2005-08-27T15:30:00,2005-08-27T13:30:00Z,3,65,1. FC Köln,https://upload.wikimedia.org/wikipedia/en/thumb/5/53/FC_Cologne_logo.svg/1200px-FC_Cologne_logo.svg.png,76,1. FC Kaiserslautern,https://upload.wikimedia.org/wikipedia/commons/d/d3/Logo_1_FC_Kaiserslautern.svg,2,3,,,
2005,bl1,2005-08-27T15:30:00,2005-08-27T13:30:00Z,3,9,FC Schalke 04,https://upload.wikimedia.org/wikipedia/commons/6/6d/FC_Schalke_04_Logo.svg,87,Borussia Mönchengladbach,https://i.imgur.com/KSIk0Eu.png,1,1,,,
2005,bl1,2005-08-27T15:30:00,2005-08-27T13:30:00Z,3,100,Hamburger SV,https://upload.wikimedia.org/wikipedia/commons/f/f7/Hamburger_SV_logo.svg,55,Hannover 96,https://upload.wikimedia.org/wikipedia/commons/c/cd/Hannover_96_Logo.svg,1,1,,,
2005,bl1,2005-08-27T15:30:00,2005-08-27T13:30:00Z,3,131,VfL Wolfsburg,https://i.imgur.com/ucqKV4B.png,6,Bayer Leverkusen,https://upload.wikimedia.org/wikipedia/de/thumb/f/f7/Bayer_Leverkusen_Logo.svg/1200px-Bayer_Leverkusen_Logo.svg.png,2,1,,,
2005,bl1,2005-08-27T15:30:00,2005-08-27T13:30:00Z,3,134,Werder Bremen,https://upload.wikimedia.org/wikipedia/commons/thumb/b/be/SV-Werder-Bremen-Logo.svg/681px-SV-Werder-Bremen-Logo.svg.png,16,VfB Stuttgart,https://i.imgur.com/v0tkpNx.png,1,1,,,
2005,bl1,2005-08-27T15:30:00,2005-08-27T13:30:00Z,3,40,FC Bayern München,https://i.imgur.com/jJEsJrj.png,54,Hertha BSC,https://i.imgur.com/apFwbYZ.png,3,0,,,
2005,bl1,2005-08-27T15:30:00,2005-08-27T13:30:00Z,3,91,Eintracht Frankfurt,https://i.imgur.com/X8NFkOb.png,79,1. FC Nürnberg,https://upload.wikimedia.org/wikipedia/commons/f/fa/1._FC_Nürnberg_logo.svg,1,0,,,
2005,bl1,2005-08-28T17:30:00,2005-08-28T15:30:00Z,3,107,MSV Duisburg,https://upload.wikimedia.org/wikipedia/en/c/c8/Msv_duisburg%28new%29.svg,7,Borussia Dortmund,https://upload.wikimedia.org/wikipedia/commons/thumb/6/67/Borussia_Dortmund_logo.svg/560px-Borussia_Dortmund_logo.svg.png,1,1,,,
2005,bl1,2005-08-28T17:30:00,2005-08-28T15:30:00Z,3,83,Arminia Bielefeld,https://upload.wikimedia.org/wikipedia/de/thumb/e/e5/Logo_Arminia_Bielefeld.svg/2000px-Logo_Arminia_Bielefeld.svg.png,81,1. FSV Mainz 05,https://upload.wikimedia.org/wikipedia/commons/thumb/9/9e/Logo_Mainz_05.svg/1200px-Logo_Mainz_05.svg.png,2,0,,,
2005,bl1,2005-09-10T15:30:00,2005-09-10T13:30:00Z,4,6,Bayer Leverkusen,https://upload.wikimedia.org/wikipedia/de/thumb/f/f7/Bayer_Leverkusen_Logo.svg/1200px-Bayer_Leverkusen_Logo.svg.png,9,FC Schalke 04,https://upload.wikimedia.org/wikipedia/commons/6/6d/FC_Schalke_04_Logo.svg,1,1,,,
2005,bl1,2005-09-10T15:30:00,2005-09-10T13:30:00Z,4,87,Borussia Mönchengladbach,https://i.imgur.com/KSIk0Eu.png,107,MSV Duisburg,https://upload.wikimedia.org/wikipedia/en/c/c8/Msv_duisburg%28new%29.svg,2,1,,,
2005,bl1,2005-09-10T15:30:00,2005-09-10T13:30:00Z,4,76,1. FC Kaiserslautern,https://upload.wikimedia.org/wikipedia/commons/d/d3/Logo_1_FC_Kaiserslautern.svg,134,Werder Bremen,https://upload.wikimedia.org/wikipedia/commons/thumb/b/be/SV-Werder-Bremen-Logo.svg/681px-SV-Werder-Bremen-Logo.svg.png,1,5,,,
2005,bl1,2005-09-10T15:30:00,2005-09-10T13:30:00Z,4,79,1. FC Nürnberg,https://upload.wikimedia.org/wikipedia/commons/f/fa/1._FC_Nürnberg_logo.svg,40,FC Bayern München,https://i.imgur.com/jJEsJrj.png,1,2,,,
2005,bl1,2005-09-10T15:30:00,2005-09-10T13:30:00Z,4,16,VfB Stuttgart,https://i.imgur.com/v0tkpNx.png,83,Arminia Bielefeld,https://upload.wikimedia.org/wikipedia/de/thumb/e/e5/Logo_Arminia_Bielefeld.svg/2000px-Logo_Arminia_Bielefeld.svg.png,1,1,,,
2005,bl1,2005-09-10T15:30:00,2005-09-10T13:30:00Z,4,81,1. FSV Mainz 05,https://upload.wikimedia.org/wikipedia/commons/thumb/9/9e/Logo_Mainz_05.svg/1200px-Logo_Mainz_05.svg.png,100,Hamburger SV,https://upload.wikimedia.org/wikipedia/commons/f/f7/Hamburger_SV_logo.svg,1,3,,,
2005,bl1,2005-09-10T15:30:00,2005-09-10T13:30:00Z,4,55,Hannover 96,https://upload.wikimedia.org/wikipedia/commons/c/cd/Hannover_96_Logo.svg,91,Eintracht Frankfurt,https://i.imgur.com/X8NFkOb.png,2,0,,,
2005,bl1,2005-09-11T17:30:00,2005-09-11T15:30:00Z,4,7,Borussia Dortmund,https://upload.wikimedia.org/wikipedia/commons/thumb/6/67/Borussia_Dortmund_logo.svg/560px-Borussia_Dortmund_logo.svg.png,65,1. FC Köln,https://upload.wikimedia.org/wikipedia/en/thumb/5/53/FC_Cologne_logo.svg/1200px-FC_Cologne_logo.svg.png,2,1,,,
2005,bl1,2005-09-11T17:30:00,2005-09-11T15:30:00Z,4,54,Hertha BSC,https://i.imgur.com/apFwbYZ.png,131,VfL Wolfsburg,https://i.imgur.com/ucqKV4B.png,3,0,,,
2005,bl1,2005-09-17T15:30:00,2005-09-17T13:30:00Z,5,65,1. FC Köln,https://upload.wikimedia.org/wikipedia/en/thumb/5/53/FC_Cologne_logo.svg/1200px-FC_Cologne_logo.svg.png,87,Borussia Mönchengladbach,https://i.imgur.com/KSIk0Eu.png,2,1,,,
2005,bl1,2005-09-17T15:30:00,2005-09-17T13:30:00Z,5,100,Hamburger SV,https://upload.wikimedia.org/wikipedia/commons/f/f7/Hamburger_SV_logo.svg,91,Eintracht Frankfurt,https://i.imgur.com/X8NFkOb.png,1,1,,,
2005,bl1,2005-09-17T15:30:00,2005-09-17T13:30:00Z,5,131,VfL Wolfsburg,https://i.imgur.com/ucqKV4B.png,79,1. FC Nürnberg,https://upload.wikimedia.org/wikipedia/commons/f/fa/1._FC_Nürnberg_logo.svg,1,1,,,
2005,bl1,2005-09-17T15:30:00,2005-09-17T13:30:00Z,5,134,Werder Bremen,https://upload.wikimedia.org/wikipedia/commons/thumb/b/be/SV-Werder-Bremen-Logo.svg/681px-SV-Werder-Bremen-Logo.svg.png,7,Borussia Dortmund,https://upload.wikimedia.org/wikipedia/commons/thumb/6/67/Borussia_Dortmund_logo.svg/560px-Borussia_Dortmund_logo.svg.png,3,2,,,
2005,bl1,2005-09-17T15:30:00,2005-09-17T13:30:00Z,5,40,FC Bayern München,https://i.imgur.com/jJEsJrj.png,55,Hannover 96,https://upload.wikimedia.org/wikipedia/commons/c/cd/Hannover_96_Logo.svg,1,0,,,
2005,bl1,2005-09-17T15:30:00,2005-09-17T13:30:00Z,5,81,1. FSV Mainz 05,https://upload.wikimedia.org/wikipedia/commons/thumb/9/9e/Logo_Mainz_05.svg/1200px-Logo_Mainz_05.svg.png,16,VfB Stuttgart,https://i.imgur.com/v0tkpNx.png,1,2,,,
2005,bl1,2005-09-17T15:30:00,2005-09-17T13:30:00Z,5,83,Arminia Bielefeld,https://upload.wikimedia.org/wikipedia/de/thumb/e/e5/Logo_Arminia_Bielefeld.svg/2000px-Logo_Arminia_Bielefeld.svg.png,76,1. FC Kaiserslautern,https://upload.wikimedia.org/wikipedia/commons/d/d3/Logo_1_FC_Kaiserslautern.svg,0,0,,,
2005,bl1,2005-09-18T17:30:00,2005-09-18T15:30:00Z,5,107,MSV Duisburg,https://upload.wikimedia.org/wikipedia/en/c/c8/Msv_duisburg%28new%29.svg,6,Bayer Leverkusen,https://upload.wikimedia.org/wikipedia/de/thumb/f/f7/Bayer_Leverkusen_Logo.svg/1200px-Bayer_Leverkusen_Logo.svg.png,1,3,,,
2005,bl1,2005-09-18T17:30:00,2005-09-18T15:30:00Z,5,9,FC Schalke 04,https://upload.wikimedia.org/wikipedia/commons/6/6d/FC_Schalke_04_Logo.svg,54,Hertha BSC,https://i.imgur.com/apFwbYZ.png,0,0,,,
2005,bl1,2005-09-20T20:00:00,2005-09-20T18:00:00Z,6,87,Borussia Mönchengladbach,https://i.imgur.com/KSIk0Eu.png,134,Werder Bremen,https://upload.wikimedia.org/wikipedia/commons/thumb/b/be/SV-Werder-Bremen-Logo.svg/681px-SV-Werder-Bremen-Logo.svg.png,2,1,,,
2005,bl1,2005-09-20T20:00:00,2005-09-20T18:00:00Z,6,7,Borussia Dortmund,https://upload.wikimedia.org/wikipedia/commons/thumb/6/67/Borussia_Dortmund_logo.svg/560px-Borussia_Dortmund_logo.svg.png,83,Arminia Bielefeld,https://upload.wikimedia.org/wikipedia/de/thumb/e/e5/Logo_Arminia_Bielefeld.svg/2000px-Logo_Arminia_Bielefeld.svg.png,2,0,,,
2005,bl1,2005-09-20T20:00:00,2005-09-20T18:00:00Z,6,91,Eintracht Frankfurt,https://i.imgur.com/X8NFkOb.png,40,FC Bayern München,https://i.imgur.com/jJEsJrj.png,0,1,,,
2005,bl1,2005-09-20T20:00:00,2005-09-20T18:00:00Z,6,55,Hannover 96,https://upload.wikimedia.org/wikipedia/commons/c/cd/Hannover_96_Logo.svg,131,VfL Wolfsburg,https://i.imgur.com/ucqKV4B.png,2,4,,,
2005,bl1,2005-09-21T20:00:00,2005-09-21T18:00:00Z,6,6,Bayer Leverkusen,https://upload.wikimedia.org/wikipedia/de/thumb/f/f7/Bayer_Leverkusen_Logo.svg/1200px-Bayer_Leverkusen_Logo.svg.png,65,1. FC Köln,https://upload.wikimedia.org/wikipedia/en/thumb/5/53/FC_Cologne_logo.svg/1200px-FC_Cologne_logo.svg.png,2,1,,,
2005,bl1,2005-09-21T20:00:00,2005-09-21T18:00:00Z,6,54,Hertha BSC,https://i.imgur.com/apFwbYZ.png,107,MSV Duisburg,https://upload.wikimedia.org/wikipedia/en/c/c8/Msv_duisburg%28new%29.svg,3,2,,,
2005,bl1,2005-09-21T20:00:00,2005-09-21T18:00:00Z,6,76,1. FC Kaiserslautern,https://upload.wikimedia.org/wikipedia/commons/d/d3/Logo_1_FC_Kaiserslautern.svg,81,1. FSV Mainz 05,https://upload.wikimedia.org/wikipedia/commons/thumb/9/9e/Logo_Mainz_05.svg/1200px-Logo_Mainz_05.svg.png,0,2,,,
2005,bl1,2005-09-21T20:00:00,2005-09-21T18:00:00Z,6,79,1. FC Nürnberg,https://upload.wikimedia.org/wikipedia/commons/f/fa/1._FC_Nürnberg_logo.svg,9,FC Schalke 04,https://upload.wikimedia.org/wikipedia/commons/6/6d/FC_Schalke_04_Logo.svg,1,1,,,
2005,bl1,2005-09-21T20:00:00,2005-09-21T18:00:00Z,6,16,VfB Stuttgart,https://i.imgur.com/v0tkpNx.png,100,Hamburger SV,https://upload.wikimedia.org/wikipedia/commons/f/f7/Hamburger_SV_logo.svg,1,2,,,
2005,bl1,2005-09-24T15:30:00,2005-09-24T13:30:00Z,7,107,MSV Duisburg,https://upload.wikimedia.org/wikipedia/en/c/c8/Msv_duisburg%28new%29.svg,79,1. FC Nürnberg,https://upload.wikimedia.org/wikipedia/commons/f/fa/1._FC_Nürnberg_logo.svg,1,0,,,
2005,bl1,2005-09-24T15:30:00,2005-09-24T13:30:00Z,7,9,FC Schalke 04,https://upload.wikimedia.org/wikipedia/commons/6/6d/FC_Schalke_04_Logo.svg,55,Hannover 96,https://upload.wikimedia.org/wikipedia/commons/c/cd/Hannover_96_Logo.svg,2,0,,,
2005,bl1,2005-09-24T15:30:00,2005-09-24T13:30:00Z,7,100,Hamburger SV,https://upload.wikimedia.org/wikipedia/commons/f/f7/Hamburger_SV_logo.svg,40,FC Bayern München,https://i.imgur.com/jJEsJrj.png,2,0,,,
2005,bl1,2005-09-24T15:30:00,2005-09-24T13:30:00Z,7,131,VfL Wolfsburg,https://i.imgur.com/ucqKV4B.png,91,Eintracht Frankfurt,https://i.imgur.com/X8NFkOb.png,1,0,,,
2005,bl1,2005-09-24T15:30:00,2005-09-24T13:30:00Z,7,134,Werder Bremen,https://upload.wikimedia.org/wikipedia/commons/thumb/b/be/SV-Werder-Bremen-Logo.svg/681px-SV-Werder-Bremen-Logo.svg.png,6,Bayer Leverkusen,https://upload.wikimedia.org/wikipedia/de/thumb/f/f7/Bayer_Leverkusen_Logo.svg/1200px-Bayer_Leverkusen_Logo.svg.png,2,1,,,
2005,bl1,2005-09-24T15:30:00,2005-09-24T13:30:00Z,7,81,1. FSV Mainz 05,https://upload.wikimedia.org/wikipedia/commons/thumb/9/9e/Logo_Mainz_05.svg/1200px-Logo_Mainz_05.svg.png,7,Borussia Dortmund,https://upload.wikimedia.org/wikipedia/commons/thumb/6/67/Borussia_Dortmund_logo.svg/560px-Borussia_Dortmund_logo.svg.png,1,1,,,
2005,bl1,2005-09-24T15:30:00,2005-09-24T13:30:00Z,7,83,Arminia Bielefeld,https://upload.wikimedia.org/wikipedia/de/thumb/e/e5/Logo_Arminia_Bielefeld.svg/2000px-Logo_Arminia_Bielefeld.svg.png,87,Borussia Mönchengladbach,https://i.imgur.com/KSIk0Eu.png,0,2,,,
2005,bl1,2005-09-25T17:30:00,2005-09-25T15:30:00Z,7,65,1. FC Köln,https://upload.wikimedia.org/wikipedia/en/thumb/5/53/FC_Cologne_logo.svg/1200px-FC_Cologne_logo.svg.png,54,Hertha BSC,https://i.imgur.com/apFwbYZ.png,0,1,,,
2005,bl1,2005-09-25T17:30:00,2005-09-25T15:30:00Z,7,16,VfB Stuttgart,https://i.imgur.com/v0tkpNx.png,76,1. FC Kaiserslautern,https://upload.wikimedia.org/wikipedia/commons/d/d3/Logo_1_FC_Kaiserslautern.svg,1,0,,,
2005,bl1,2005-10-01T15:30:00,2005-10-01T13:30:00Z,8,6,Bayer Leverkusen,https://upload.wikimedia.org/wikipedia/de/thumb/f/f7/Bayer_Leverkusen_Logo.svg/1200px-Bayer_Leverkusen_Logo.svg.png,83,Arminia Bielefeld,https://upload.wikimedia.org/wikipedia/de/thumb/e/e5/Logo_Arminia_Bielefeld.svg/2000px-Logo_Arminia_Bielefeld.svg.png,1,1,,,
2005,bl1,2005-10-01T15:30:00,2005-10-01T13:30:00Z,8,87,Borussia Mönchengladbach,https://i.imgur.com/KSIk0Eu.png,81,1. FSV Mainz 05,https://upload.wikimedia.org/wikipedia/commons/thumb/9/9e/Logo_Mainz_05.svg/1200px-Logo_Mainz_05.svg.png,1,0,,,
2005,bl1,2005-10-01T15:30:00,2005-10-01T13:30:00Z,8,54,Hertha BSC,https://i.imgur.com/apFwbYZ.png,134,Werder Bremen,https://upload.wikimedia.org/wikipedia/commons/thumb/b/be/SV-Werder-Bremen-Logo.svg/681px-SV-Werder-Bremen-Logo.svg.png,1,2,,,
2005,bl1,2005-10-01T15:30:00,2005-10-01T13:30:00Z,8,79,1. FC Nürnberg,https://upload.wikimedia.org/wikipedia/commons/f/fa/1._FC_Nürnberg_logo.svg,65,1. FC Köln,https://upload.wikimedia.org/wikipedia/en/thumb/5/53/FC_Cologne_logo.svg/1200px-FC_Cologne_logo.svg.png,2,1,,,
2005,bl1,2005-10-01T15:30:00,2005-10-01T13:30:00Z,8,40,FC Bayern München,https://i.imgur.com/jJEsJrj.png,131,VfL Wolfsburg,https://i.imgur.com/ucqKV4B.png,2,0,,,
2005,bl1,2005-10-01T15:30:00,2005-10-01T13:30:00Z,8,91,Eintracht Frankfurt,https://i.imgur.com/X8NFkOb.png,9,FC Schalke 04,https://upload.wikimedia.org/wikipedia/commons/6/6d/FC_Schalke_04_Logo.svg,0,1,,,
2005,bl1,2005-10-01T15:30:00,2005-10-01T13:30:00Z,8,55,Hannover 96,https://upload.wikimedia.org/wikipedia/commons/c/cd/Hannover_96_Logo.svg,107,MSV Duisburg,https://upload.wikimedia.org/wikipedia/en/c/c8/Msv_duisburg%28new%29.svg,1,1,,,
2005,bl1,2005-10-02T17:30:00,2005-10-02T15:30:00Z,8,7,Borussia Dortmund,https://upload.wikimedia.org/wikipedia/commons/thumb/6/67/Borussia_Dortmund_logo.svg/560px-Borussia_Dortmund_logo.svg.png,16,VfB Stuttgart,https://i.imgur.com/v0tkpNx.png,0,0,,,
2005,bl1,2005-10-02T17:30:00,2005-10-02T15:30:00Z,8,76,1. FC Kaiserslautern,https://upload.wikimedia.org/wikipedia/commons/d/d3/Logo_1_FC_Kaiserslautern.svg,100,Hamburger SV,https://upload.wikimedia.org/wikipedia/commons/f/f7/Hamburger_SV_logo.svg,0,3,,,
2005,bl1,2005-10-15T15:30:00,2005-10-15T13:30:00Z,9,9,FC Schalke 04,https://upload.wikimedia.org/wikipedia/commons/6/6d/FC_Schalke_04_Logo.svg,40,FC Bayern München,https://i.imgur.com/jJEsJrj.png,1,1,,,
2005,bl1,2005-10-15T15:30:00,2005-10-15T13:30:00Z,9,100,Hamburger SV,https://upload.wikimedia.org/wikipedia/commons/f/f7/Hamburger_SV_logo.svg,131,VfL Wolfsburg,https://i.imgur.com/ucqKV4B.png,0,1,,,
2005,bl1,2005-10-15T15:30:00,2005-10-15T13:30:00Z,9,76,1. FC Kaiserslautern,https://upload.wikimedia.org/wikipedia/commons/d/d3/Logo_1_FC_Kaiserslautern.svg,7,Borussia Dortmund,https://upload.wikimedia.org/wikipedia/commons/thumb/6/67/Borussia_Dortmund_logo.svg/560px-Borussia_Dortmund_logo.svg.png,3,3,,,
2005,bl1,2005-10-15T15:30:00,2005-10-15T13:30:00Z,9,134,Werder Bremen,https://upload.wikimedia.org/wikipedia/commons/thumb/b/be/SV-Werder-Bremen-Logo.svg/681px-SV-Werder-Bremen-Logo.svg.png,79,1. FC Nürnberg,https://upload.wikimedia.org/wikipedia/commons/f/fa/1._FC_Nürnberg_logo.svg,6,2,,,
2005,bl1,2005-10-15T15:30:00,2005-10-15T13:30:00Z,9,16,VfB Stuttgart,https://i.imgur.com/v0tkpNx.png,87,Borussia Mönchengladbach,https://i.imgur.com/KSIk0Eu.png,1,1,,,
2005,bl1,2005-10-15T15:30:00,2005-10-15T13:30:00Z,9,81,1. FSV Mainz 05,https://upload.wikimedia.org/wikipedia/commons/thumb/9/9e/Logo_Mainz_05.svg/1200px-Logo_Mainz_05.svg.png,6,Bayer Leverkusen,https://upload.wikimedia.org/wikipedia/de/thumb/f/f7/Bayer_Leverkusen_Logo.svg/1200px-Bayer_Leverkusen_Logo.svg.png,3,1,,,
2005,bl1,2005-10-15T15:30:00,2005-10-15T13:30:00Z,9,83,Arminia Bielefeld,https://upload.wikimedia.org/wikipedia/de/thumb/e/e5/Logo_Arminia_Bielefeld.svg/2000px-Logo_Arminia_Bielefeld.svg.png,54,Hertha BSC,https://i.imgur.com/apFwbYZ.png,3,0,,,
2005,bl1,2005-10-16T17:30:00,2005-10-16T15:30:00Z,9,65,1. FC Köln,https://upload.wikimedia.org/wikipedia/en/thumb/5/53/FC_Cologne_logo.svg/1200px-FC_Cologne_logo.svg.png,55,Hannover 96,https://upload.wikimedia.org/wikipedia/commons/c/cd/Hannover_96_Logo.svg,1,4,,,
2005,bl1,2005-10-16T17:30:00,2005-10-16T15:30:00Z,9,107,MSV Duisburg,https://upload.wikimedia.org/wikipedia/en/c/c8/Msv_duisburg%28new%29.svg,91,Eintracht Frankfurt,https://i.imgur.com/X8NFkOb.png,0,1,,,
2005,bl1,2005-10-22T15:30:00,2005-10-22T13:30:00Z,10,87,Borussia Mönchengladbach,https://i.imgur.com/KSIk0Eu.png,76,1. FC Kaiserslautern,https://upload.wikimedia.org/wikipedia/commons/d/d3/Logo_1_FC_Kaiserslautern.svg,4,1,,,
2005,bl1,2005-10-22T15:30:00,2005-10-22T13:30:00Z,10,54,Hertha BSC,https://i.imgur.com/apFwbYZ.png,81,1. FSV Mainz 05,https://upload.wikimedia.org/wikipedia/commons/thumb/9/9e/Logo_Mainz_05.svg/1200px-Logo_Mainz_05.svg.png,3,1,,,
2005,bl1,2005-10-22T15:30:00,2005-10-22T13:30:00Z,10,131,VfL Wolfsburg,https://i.imgur.com/ucqKV4B.png,9,FC Schalke 04,https://upload.wikimedia.org/wikipedia/commons/6/6d/FC_Schalke_04_Logo.svg,0,0,,,
2005,bl1,2005-10-22T15:30:00,2005-10-22T13:30:00Z,10,79,1. FC Nürnberg,https://upload.wikimedia.org/wikipedia/commons/f/fa/1._FC_Nürnberg_logo.svg,83,Arminia Bielefeld,https://upload.wikimedia.org/wikipedia/de/thumb/e/e5/Logo_Arminia_Bielefeld.svg/2000px-Logo_Arminia_Bielefeld.svg.png,2,3,,,
2005,bl1,2005-10-22T15:30:00,2005-10-22T13:30:00Z,10,40,FC Bayern München,https://i.imgur.com/jJEsJrj.png,107,MSV Duisburg,https://upload.wikimedia.org/wikipedia/en/c/c8/Msv_duisburg%28new%29.svg,4,0,,,
2005,bl1,2005-10-22T15:30:00,2005-10-22T13:30:00Z,10,91,Eintracht Frankfurt,https://i.imgur.com/X8NFkOb.png,65,1. FC Köln,https://upload.wikimedia.org/wikipedia/en/thumb/5/53/FC_Cologne_logo.svg/1200px-FC_Cologne_logo.svg.png,6,3,,,
2005,bl1,2005-10-22T15:30:00,2005-10-22T13:30:00Z,10,55,Hannover 96,https://upload.wikimedia.org/wikipedia/commons/c/cd/Hannover_96_Logo.svg,134,Werder Bremen,https://upload.wikimedia.org/wikipedia/commons/thumb/b/be/SV-Werder-Bremen-Logo.svg/681px-SV-Werder-Bremen-Logo.svg.png,0,0,,,
2005,bl1,2005-10-23T17:30:00,2005-10-23T15:30:00Z,10,6,Bayer Leverkusen,https://upload.wikimedia.org/wikipedia/de/thumb/f/f7/Bayer_Leverkusen_Logo.svg/1200px-Bayer_Leverkusen_Logo.svg.png,16,VfB Stuttgart,https://i.imgur.com/v0tkpNx.png,1,1,,,
2005,bl1,2005-10-23T17:30:00,2005-10-23T15:30:00Z,10,7,Borussia Dortmund,https://upload.wikimedia.org/wikipedia/commons/thumb/6/67/Borussia_Dortmund_logo.svg/560px-Borussia_Dortmund_logo.svg.png,100,Hamburger SV,https://upload.wikimedia.org/wikipedia/commons/f/f7/Hamburger_SV_logo.svg,1,1,,,
2005,bl1,2005-10-29T15:30:00,2005-10-29T13:30:00Z,11,65,1. FC Köln,https://upload.wikimedia.org/wikipedia/en/thumb/5/53/FC_Cologne_logo.svg/1200px-FC_Cologne_logo.svg.png,40,FC Bayern München,https://i.imgur.com/jJEsJrj.png,1,2,,,
2005,bl1,2005-10-29T15:30:00,2005-10-29T13:30:00Z,11,107,MSV Duisburg,https://upload.wikimedia.org/wikipedia/en/c/c8/Msv_duisburg%28new%29.svg,131,VfL Wolfsburg,https://i.imgur.com/ucqKV4B.png,1,0,,,
2005,bl1,2005-10-29T15:30:00,2005-10-29T13:30:00Z,11,7,Borussia Dortmund,https://upload.wikimedia.org/wikipedia/commons/thumb/6/67/Borussia_Dortmund_logo.svg/560px-Borussia_Dortmund_logo.svg.png,87,Borussia Mönchengladbach,https://i.imgur.com/KSIk0Eu.png,2,1,,,
2005,bl1,2005-10-29T15:30:00,2005-10-29T13:30:00Z,11,100,Hamburger SV,https://upload.wikimedia.org/wikipedia/commons/f/f7/Hamburger_SV_logo.svg,9,FC Schalke 04,https://upload.wikimedia.org/wikipedia/commons/6/6d/FC_Schalke_04_Logo.svg,1,0,,,
2005,bl1,2005-10-29T15:30:00,2005-10-29T13:30:00Z,11,76,1. FC Kaiserslautern,https://upload.wikimedia.org/wikipedia/commons/d/d3/Logo_1_FC_Kaiserslautern.svg,6,Bayer Leverkusen,https://upload.wikimedia.org/wikipedia/de/thumb/f/f7/Bayer_Leverkusen_Logo.svg/1200px-Bayer_Leverkusen_Logo.svg.png,2,2,,,
2005,bl1,2005-10-29T15:30:00,2005-10-29T13:30:00Z,11,134,Werder Bremen,https://upload.wikimedia.org/wikipedia/commons/thumb/b/be/SV-Werder-Bremen-Logo.svg/681px-SV-Werder-Bremen-Logo.svg.png,91,Eintracht Frankfurt,https://i.imgur.com/X8NFkOb.png,4,1,,,
2005,bl1,2005-10-29T15:30:00,2005-10-29T13:30:00Z,11,16,VfB Stuttgart,https://i.imgur.com/v0tkpNx.png,54,Hertha BSC,https://i.imgur.com/apFwbYZ.png,3,3,,,
2005,bl1,2005-10-30T17:30:00,2005-10-30T16:30:00Z,11,81,1. FSV Mainz 05,https://upload.wikimedia.org/wikipedia/commons/thumb/9/9e/Logo_Mainz_05.svg/1200px-Logo_Mainz_05.svg.png,79,1. FC Nürnberg,https://upload.wikimedia.org/wikipedia/commons/f/fa/1._FC_Nürnberg_logo.svg,4,1,,,
2005,bl1,2005-10-30T17:30:00,2005-10-30T16:30:00Z,11,83,Arminia Bielefeld,https://upload.wikimedia.org/wikipedia/de/thumb/e/e5/Logo_Arminia_Bielefeld.svg/2000px-Logo_Arminia_Bielefeld.svg.png,55,Hannover 96,https://upload.wikimedia.org/wikipedia/commons/c/cd/Hannover_96_Logo.svg,4,1,,,
2005,bl1,2005-11-05T15:30:00,2005-11-05T14:30:00Z,12,6,Bayer Leverkusen,https://upload.wikimedia.org/wikipedia/de/thumb/f/f7/Bayer_Leverkusen_Logo.svg/1200px-Bayer_Leverkusen_Logo.svg.png,7,Borussia Dortmund,https://upload.wikimedia.org/wikipedia/commons/thumb/6/67/Borussia_Dortmund_logo.svg/560px-Borussia_Dortmund_logo.svg.png,2,1,,,
2005,bl1,2005-11-05T15:30:00,2005-11-05T14:30:00Z,12,9,FC Schalke 04,https://upload.wikimedia.org/wikipedia/commons/6/6d/FC_Schalke_04_Logo.svg,107,MSV Duisburg,https://upload.wikimedia.org/wikipedia/en/c/c8/Msv_duisburg%28new%29.svg,3,0,,,
2005,bl1,2005-11-05T15:30:00,2005-11-05T14:30:00Z,12,54,Hertha BSC,https://i.imgur.com/apFwbYZ.png,76,1. FC Kaiserslautern,https://upload.wikimedia.org/wikipedia/commons/d/d3/Logo_1_FC_Kaiserslautern.svg,3,0,,,
2005,bl1,2005-11-05T15:30:00,2005-11-05T14:30:00Z,12,131,VfL Wolfsburg,https://i.imgur.com/ucqKV4B.png,65,1. FC Köln,https://upload.wikimedia.org/wikipedia/en/thumb/5/53/FC_Cologne_logo.svg/1200px-FC_Cologne_logo.svg.png,1,1,,,
2005,bl1,2005-11-05T15:30:00,2005-11-05T14:30:00Z,12,40,FC Bayern München,https://i.imgur.com/jJEsJrj.png,134,Werder Bremen,https://upload.wikimedia.org/wikipedia/commons/thumb/b/be/SV-Werder-Bremen-Logo.svg/681px-SV-Werder-Bremen-Logo.svg.png,3,1,,,
2005,bl1,2005-11-05T15:30:00,2005-11-05T14:30:00Z,12,91,Eintracht Frankfurt,https://i.imgur.com/X8NFkOb.png,83,Arminia Bielefeld,https://upload.wikimedia.org/wikipedia/de/thumb/e/e5/Logo_Arminia_Bielefeld.svg/2000px-Logo_Arminia_Bielefeld.svg.png,3,0,,,
2005,bl1,2005-11-05T15:30:00,2005-11-05T14:30:00Z,12,55,Hannover 96,https://upload.wikimedia.org/wikipedia/commons/c/cd/Hannover_96_Logo.svg,81,1. FSV Mainz 05,https://upload.wikimedia.org/wikipedia/commons/thumb/9/9e/Logo_Mainz_05.svg/1200px-Logo_Mainz_05.svg.png,2,2,,,
2005,bl1,2005-11-06T17:30:00,2005-11-06T16:30:00Z,12,87,Borussia Mönchengladbach,https://i.imgur.com/KSIk0Eu.png,100,Hamburger SV,https://upload.wikimedia.org/wikipedia/commons/f/f7/Hamburger_SV_logo.svg,0,0,,,
2005,bl1,2005-11-06T17:30:00,2005-11-06T16:30:00Z,12,79,1. FC Nürnberg,https://upload.wikimedia.org/wikipedia/commons/f/fa/1._FC_Nürnberg_logo.svg,16,VfB Stuttgart,https://i.imgur.com/v0tkpNx.png,0,1,,,
2005,bl1,2005-11-19T15:30:00,2005-11-19T14:30:00Z,13,65,1. FC Köln,https://upload.wikimedia.org/wikipedia/en/thumb/5/53/FC_Cologne_logo.svg/1200px-FC_Cologne_logo.svg.png,9,FC Schalke 04,https://upload.wikimedia.org/wikipedia/commons/6/6d/FC_Schalke_04_Logo.svg,2,2,,,
2005,bl1,2005-11-19T15:30:00,2005-11-19T14:30:00Z,13,87,Borussia Mönchengladbach,https://i.imgur.com/KSIk0Eu.png,6,Bayer Leverkusen,https://upload.wikimedia.org/wikipedia/de/thumb/f/f7/Bayer_Leverkusen_Logo.svg/1200px-Bayer_Leverkusen_Logo.svg.png,1,1,,,
2005,bl1,2005-11-19T15:30:00,2005-11-19T14:30:00Z,13,7,Borussia Dortmund,https://upload.wikimedia.org/wikipedia/commons/thumb/6/67/Borussia_Dortmund_logo.svg/560px-Borussia_Dortmund_logo.svg.png,54,Hertha BSC,https://i.imgur.com/apFwbYZ.png,2,0,,,
2005,bl1,2005-11-19T15:30:00,2005-11-19T14:30:00Z,13,76,1. FC Kaiserslautern,https://upload.wikimedia.org/wikipedia/commons/d/d3/Logo_1_FC_Kaiserslautern.svg,79,1. FC Nürnberg,https://upload.wikimedia.org/wikipedia/commons/f/fa/1._FC_Nürnberg_logo.svg,1,3,,,
2005,bl1,2005-11-19T15:30:00,2005-11-19T14:30:00Z,13,134,Werder Bremen,https://upload.wikimedia.org/wikipedia/commons/thumb/b/be/SV-Werder-Bremen-Logo.svg/681px-SV-Werder-Bremen-Logo.svg.png,131,VfL Wolfsburg,https://i.imgur.com/ucqKV4B.png,6,1,,,
2005,bl1,2005-11-19T15:30:00,2005-11-19T14:30:00Z,13,81,1. FSV Mainz 05,https://upload.wikimedia.org/wikipedia/commons/thumb/9/9e/Logo_Mainz_05.svg/1200px-Logo_Mainz_05.svg.png,91,Eintracht Frankfurt,https://i.imgur.com/X8NFkOb.png,2,2,,,
2005,bl1,2005-11-19T15:30:00,2005-11-19T14:30:00Z,13,83,Arminia Bielefeld,https://upload.wikimedia.org/wikipedia/de/thumb/e/e5/Logo_Arminia_Bielefeld.svg/2000px-Logo_Arminia_Bielefeld.svg.png,40,FC Bayern München,https://i.imgur.com/jJEsJrj.png,1,2,,,
2005,bl1,2005-11-20T17:30:00,2005-11-20T16:30:00Z,13,100,Hamburger SV,https://upload.wikimedia.org/wikipedia/commons/f/f7/Hamburger_SV_logo.svg,107,MSV Duisburg,https://upload.wikimedia.org/wikipedia/en/c/c8/Msv_duisburg%28new%29.svg,2,0,,,
2005,bl1,2005-11-20T17:30:00,2005-11-20T16:30:00Z,13,16,VfB Stuttgart,https://i.imgur.com/v0tkpNx.png,55,Hannover 96,https://upload.wikimedia.org/wikipedia/commons/c/cd/Hannover_96_Logo.svg,2,2,,,
2005,bl1,2005-11-26T15:30:00,2005-11-26T14:30:00Z,14,6,Bayer Leverkusen,https://upload.wikimedia.org/wikipedia/de/thumb/f/f7/Bayer_Leverkusen_Logo.svg/1200px-Bayer_Leverkusen_Logo.svg.png,100,Hamburger SV,https://upload.wikimedia.org/wikipedia/commons/f/f7/Hamburger_SV_logo.svg,0,1,,,
2005,bl1,2005-11-26T15:30:00,2005-11-26T14:30:00Z,14,9,FC Schalke 04,https://upload.wikimedia.org/wikipedia/commons/6/6d/FC_Schalke_04_Logo.svg,134,Werder Bremen,https://upload.wikimedia.org/wikipedia/commons/thumb/b/be/SV-Werder-Bremen-Logo.svg/681px-SV-Werder-Bremen-Logo.svg.png,2,1,,,
2005,bl1,2005-11-26T15:30:00,2005-11-26T14:30:00Z,14,131,VfL Wolfsburg,https://i.imgur.com/ucqKV4B.png,83,Arminia Bielefeld,https://upload.wikimedia.org/wikipedia/de/thumb/e/e5/Logo_Arminia_Bielefeld.svg/2000px-Logo_Arminia_Bielefeld.svg.png,0,0,,,
2005,bl1,2005-11-26T15:30:00,2005-11-26T14:30:00Z,14,79,1. FC Nürnberg,https://upload.wikimedia.org/wikipedia/commons/f/fa/1._FC_Nürnberg_logo.svg,7,Borussia Dortmund,https://upload.wikimedia.org/wikipedia/commons/thumb/6/67/Borussia_Dortmund_logo.svg/560px-Borussia_Dortmund_logo.svg.png,1,2,,,
2005,bl1,2005-11-26T15:30:00,2005-11-26T14:30:00Z,14,40,FC Bayern München,https://i.imgur.com/jJEsJrj.png,81,1. FSV Mainz 05,https://upload.wikimedia.org/wikipedia/commons/thumb/9/9e/Logo_Mainz_05.svg/1200px-Logo_Mainz_05.svg.png,2,1,,,
2005,bl1,2005-11-26T15:30:00,2005-11-26T14:30:00Z,14,55,Hannover 96,https://upload.wikimedia.org/wikipedia/commons/c/cd/Hannover_96_Logo.svg,76,1. FC Kaiserslautern,https://upload.wikimedia.org/wikipedia/commons/d/d3/Logo_1_FC_Kaiserslautern.svg,5,1,,,
2005,bl1,2005-11-27T17:30:00,2005-11-27T16:30:00Z,14,54,Hertha BSC,https://i.imgur.com/apFwbYZ.png,87,Borussia Mönchengladbach,https://i.imgur.com/KSIk0Eu.png,2,2,,,
2005,bl1,2005-11-27T17:30:00,2005-11-27T16:30:00Z,14,91,Eintracht Frankfurt,https://i.imgur.com/X8NFkOb.png,16,VfB Stuttgart,https://i.imgur.com/v0tkpNx.png,1,1,,,
2005,bl1,2005-12-03T15:30:00,2005-12-03T14:30:00Z,15,87,Borussia Mönchengladbach,https://i.imgur.com/KSIk0Eu.png,79,1. FC Nürnberg,https://upload.wikimedia.org/wikipedia/commons/f/fa/1._FC_Nürnberg_logo.svg,0,1,,,
2005,bl1,2005-12-03T15:30:00,2005-12-03T14:30:00Z,15,7,Borussia Dortmund,https://upload.wikimedia.org/wikipedia/commons/thumb/6/67/Borussia_Dortmund_logo.svg/560px-Borussia_Dortmund_logo.svg.png,55,Hannover 96,https://upload.wikimedia.org/wikipedia/commons/c/cd/Hannover_96_Logo.svg,0,2,,,
2005,bl1,2005-12-03T15:30:00,2005-12-03T14:30:00Z,15,100,Hamburger SV,https://upload.wikimedia.org/wikipedia/commons/f/f7/Hamburger_SV_logo.svg,65,1. FC Köln,https://upload.wikimedia.org/wikipedia/en/thumb/5/53/FC_Cologne_logo.svg/1200px-FC_Cologne_logo.svg.png,3,1,,,
2005,bl1,2005-12-03T15:30:00,2005-12-03T14:30:00Z,15,134,Werder Bremen,https://upload.wikimedia.org/wikipedia/commons/thumb/b/be/SV-Werder-Bremen-Logo.svg/681px-SV-Werder-Bremen-Logo.svg.png,107,MSV Duisburg,https://upload.wikimedia.org/wikipedia/en/c/c8/Msv_duisburg%28new%29.svg,2,0,,,
2005,bl1,2005-12-03T15:30:00,2005-12-03T14:30:00Z,15,16,VfB Stuttgart,https://i.imgur.com/v0tkpNx.png,40,FC Bayern München,https://i.imgur.com/jJEsJrj.png,0,0,,,
2005,bl1,2005-12-03T15:30:00,2005-12-03T14:30:00Z,15,83,Arminia Bielefeld,https://upload.wikimedia.org/wikipedia/de/thumb/e/e5/Logo_Arminia_Bielefeld.svg/2000px-Logo_Arminia_Bielefeld.svg.png,9,FC Schalke 04,https://upload.wikimedia.org/wikipedia/commons/6/6d/FC_Schalke_04_Logo.svg,0,1,,,
2005,bl1,2005-12-04T17:30:00,2005-12-04T16:30:00Z,15,6,Bayer Leverkusen,https://upload.wikimedia.org/wikipedia/de/thumb/f/f7/Bayer_Leverkusen_Logo.svg/1200px-Bayer_Leverkusen_Logo.svg.png,54,Hertha BSC,https://i.imgur.com/apFwbYZ.png,1,2,,,
2005,bl1,2005-12-04T17:30:00,2005-12-04T16:30:00Z,15,81,1. FSV Mainz 05,https://upload.wikimedia.org/wikipedia/commons/thumb/9/9e/Logo_Mainz_05.svg/1200px-Logo_Mainz_05.svg.png,131,VfL Wolfsburg,https://i.imgur.com/ucqKV4B.png,5,1,,,
2005,bl1,2005-12-06T18:00:00,2005-12-06T17:00:00Z,14,107,MSV Duisburg,https://upload.wikimedia.org/wikipedia/en/c/c8/Msv_duisburg%28new%29.svg,65,1. FC Köln,https://upload.wikimedia.org/wikipedia/en/thumb/5/53/FC_Cologne_logo.svg/1200px-FC_Cologne_logo.svg.png,1,1,,,
2005,bl1,2005-12-10T15:30:00,2005-12-10T14:30:00Z,16,107,MSV Duisburg,https://upload.wikimedia.org/wikipedia/en/c/c8/Msv_duisburg%28new%29.svg,83,Arminia Bielefeld,https://upload.wikimedia.org/wikipedia/de/thumb/e/e5/Logo_Arminia_Bielefeld.svg/2000px-Logo_Arminia_Bielefeld.svg.png,1,1,,,
2005,bl1,2005-12-10T15:30:00,2005-12-10T14:30:00Z,16,9,FC Schalke 04,https://upload.wikimedia.org/wikipedia/commons/6/6d/FC_Schalke_04_Logo.svg,81,1. FSV Mainz 05,https://upload.wikimedia.org/wikipedia/commons/thumb/9/9e/Logo_Mainz_05.svg/1200px-Logo_Mainz_05.svg.png,1,0,,,
2005,bl1,2005-12-10T15:30:00,2005-12-10T14:30:00Z,16,100,Hamburger SV,https://upload.wikimedia.org/wikipedia/commons/f/f7/Hamburger_SV_logo.svg,54,Hertha BSC,https://i.imgur.com/apFwbYZ.png,2,1,,,
2005,bl1,2005-12-10T15:30:00,2005-12-10T14:30:00Z,16,131,VfL Wolfsburg,https://i.imgur.com/ucqKV4B.png,16,VfB Stuttgart,https://i.imgur.com/v0tkpNx.png,0,1,,,
2005,bl1,2005-12-10T15:30:00,2005-12-10T14:30:00Z,16,79,1. FC Nürnberg,https://upload.wikimedia.org/wikipedia/commons/f/fa/1._FC_Nürnberg_logo.svg,6,Bayer Leverkusen,https://upload.wikimedia.org/wikipedia/de/thumb/f/f7/Bayer_Leverkusen_Logo.svg/1200px-Bayer_Leverkusen_Logo.svg.png,1,1,,,
2005,bl1,2005-12-10T15:30:00,2005-12-10T14:30:00Z,16,91,Eintracht Frankfurt,https://i.imgur.com/X8NFkOb.png,7,Borussia Dortmund,https://upload.wikimedia.org/wikipedia/commons/thumb/6/67/Borussia_Dortmund_logo.svg/560px-Borussia_Dortmund_logo.svg.png,2,0,,,
2005,bl1,2005-12-10T15:30:00,2005-12-10T14:30:00Z,16,55,Hannover 96,https://upload.wikimedia.org/wikipedia/commons/c/cd/Hannover_96_Logo.svg,87,Borussia Mönchengladbach,https://i.imgur.com/KSIk0Eu.png,1,1,,,
2005,bl1,2005-12-11T17:30:00,2005-12-11T16:30:00Z,16,65,1. FC Köln,https://upload.wikimedia.org/wikipedia/en/thumb/5/53/FC_Cologne_logo.svg/1200px-FC_Cologne_logo.svg.png,134,Werder Bremen,https://upload.wikimedia.org/wikipedia/commons/thumb/b/be/SV-Werder-Bremen-Logo.svg/681px-SV-Werder-Bremen-Logo.svg.png,1,4,,,
2005,bl1,2005-12-11T17:30:00,2005-12-11T16:30:00Z,16,40,FC Bayern München,https://i.imgur.com/jJEsJrj.png,76,1. FC Kaiserslautern,https://upload.wikimedia.org/wikipedia/commons/d/d3/Logo_1_FC_Kaiserslautern.svg,2,1,,,
2005,bl1,2005-12-14T18:00:00,2005-12-14T17:00:00Z,15,76,1. FC Kaiserslautern,https://upload.wikimedia.org/wikipedia/commons/d/d3/Logo_1_FC_Kaiserslautern.svg,91,Eintracht Frankfurt,https://i.imgur.com/X8NFkOb.png,1,2,,,
2005,bl1,2005-12-17T15:30:00,2005-12-17T14:30:00Z,17,6,Bayer Leverkusen,https://upload.wikimedia.org/wikipedia/de/thumb/f/f7/Bayer_Leverkusen_Logo.svg/1200px-Bayer_Leverkusen_Logo.svg.png,55,Hannover 96,https://upload.wikimedia.org/wikipedia/commons/c/cd/Hannover_96_Logo.svg,0,0,,,
2005,bl1,2005-12-17T15:30:00,2005-12-17T14:30:00Z,17,87,Borussia Mönchengladbach,https://i.imgur.com/KSIk0Eu.png,91,Eintracht Frankfurt,https://i.imgur.com/X8NFkOb.png,4,3,,,
2005,bl1,2005-12-17T15:30:00,2005-12-17T14:30:00Z,17,7,Borussia Dortmund,https://upload.wikimedia.org/wikipedia/commons/thumb/6/67/Borussia_Dortmund_logo.svg/560px-Borussia_Dortmund_logo.svg.png,40,FC Bayern München,https://i.imgur.com/jJEsJrj.png,1,2,,,
2005,bl1,2005-12-17T15:30:00,2005-12-17T14:30:00Z,17,76,1. FC Kaiserslautern,https://upload.wikimedia.org/wikipedia/commons/d/d3/Logo_1_FC_Kaiserslautern.svg,131,VfL Wolfsburg,https://i.imgur.com/ucqKV4B.png,3,2,,,
2005,bl1,2005-12-17T15:30:00,2005-12-17T14:30:00Z,17,16,VfB Stuttgart,https://i.imgur.com/v0tkpNx.png,9,FC Schalke 04,https://upload.wikimedia.org/wikipedia/commons/6/6d/FC_Schalke_04_Logo.svg,2,0,,,
2005,bl1,2005-12-17T15:30:00,2005-12-17T14:30:00Z,17,81,1. FSV Mainz 05,https://upload.wikimedia.org/wikipedia/commons/thumb/9/9e/Logo_Mainz_05.svg/1200px-Logo_Mainz_05.svg.png,107,MSV Duisburg,https://upload.wikimedia.org/wikipedia/en/c/c8/Msv_duisburg%28new%29.svg,1,1,,,
2005,bl1,2005-12-17T15:30:00,2005-12-17T14:30:00Z,17,83,Arminia Bielefeld,https://upload.wikimedia.org/wikipedia/de/thumb/e/e5/Logo_Arminia_Bielefeld.svg/2000px-Logo_Arminia_Bielefeld.svg.png,65,1. FC Köln,https://upload.wikimedia.org/wikipedia/en/thumb/5/53/FC_Cologne_logo.svg/1200px-FC_Cologne_logo.svg.png,3,2,,,
2005,bl1,2005-12-18T17:30:00,2005-12-18T16:30:00Z,17,54,Hertha BSC,https://i.imgur.com/apFwbYZ.png,79,1. FC Nürnberg,https://upload.wikimedia.org/wikipedia/commons/f/fa/1._FC_Nürnberg_logo.svg,1,1,,,
2005,bl1,2005-12-18T17:30:00,2005-12-18T16:30:00Z,17,134,Werder Bremen,https://upload.wikimedia.org/wikipedia/commons/thumb/b/be/SV-Werder-Bremen-Logo.svg/681px-SV-Werder-Bremen-Logo.svg.png,100,Hamburger SV,https://upload.wikimedia.org/wikipedia/commons/f/f7/Hamburger_SV_logo.svg,1,1,,,
2005,bl1,2006-01-27T20:30:00,2006-01-27T19:30:00Z,18,87,Borussia Mönchengladbach,https://i.imgur.com/KSIk0Eu.png,40,FC Bayern München,https://i.imgur.com/jJEsJrj.png,1,3,,,
2005,bl1,2006-01-28T15:30:00,2006-01-28T14:30:00Z,18,81,1. FSV Mainz 05,https://upload.wikimedia.org/wikipedia/commons/thumb/9/9e/Logo_Mainz_05.svg/1200px-Logo_Mainz_05.svg.png,65,1. FC Köln,https://upload.wikimedia.org/wikipedia/en/thumb/5/53/FC_Cologne_logo.svg/1200px-FC_Cologne_logo.svg.png,4,2,,,
2005,bl1,2006-01-28T15:30:00,2006-01-28T14:30:00Z,18,16,VfB Stuttgart,https://i.imgur.com/v0tkpNx.png,107,MSV Duisburg,https://upload.wikimedia.org/wikipedia/en/c/c8/Msv_duisburg%28new%29.svg,0,1,,,
2005,bl1,2006-01-28T15:30:00,2006-01-28T14:30:00Z,18,79,1. FC Nürnberg,https://upload.wikimedia.org/wikipedia/commons/f/fa/1._FC_Nürnberg_logo.svg,100,Hamburger SV,https://upload.wikimedia.org/wikipedia/commons/f/f7/Hamburger_SV_logo.svg,2,1,,,
2005,bl1,2006-01-28T15:30:00,2006-01-28T14:30:00Z,18,7,Borussia Dortmund,https://upload.wikimedia.org/wikipedia/commons/thumb/6/67/Borussia_Dortmund_logo.svg/560px-Borussia_Dortmund_logo.svg.png,131,VfL Wolfsburg,https://i.imgur.com/ucqKV4B.png,3,2,,,
2005,bl1,2006-01-28T15:30:00,2006-01-28T14:30:00Z,18,6,Bayer Leverkusen,https://upload.wikimedia.org/wikipedia/de/thumb/f/f7/Bayer_Leverkusen_Logo.svg/1200px-Bayer_Leverkusen_Logo.svg.png,91,Eintracht Frankfurt,https://i.imgur.com/X8NFkOb.png,2,1,,,
2005,bl1,2006-01-28T15:30:00,2006-01-28T14:30:00Z,18,54,Hertha BSC,https://i.imgur.com/apFwbYZ.png,55,Hannover 96,https://upload.wikimedia.org/wikipedia/commons/c/cd/Hannover_96_Logo.svg,1,1,,,
2005,bl1,2006-01-29T17:30:00,2006-01-29T16:30:00Z,18,76,1. FC Kaiserslautern,https://upload.wikimedia.org/wikipedia/commons/d/d3/Logo_1_FC_Kaiserslautern.svg,9,FC Schalke 04,https://upload.wikimedia.org/wikipedia/commons/6/6d/FC_Schalke_04_Logo.svg,0,2,,,
2005,bl1,2006-01-29T17:30:00,2006-01-29T16:30:00Z,18,83,Arminia Bielefeld,https://upload.wikimedia.org/wikipedia/de/thumb/e/e5/Logo_Arminia_Bielefeld.svg/2000px-Logo_Arminia_Bielefeld.svg.png,134,Werder Bremen,https://upload.wikimedia.org/wikipedia/commons/thumb/b/be/SV-Werder-Bremen-Logo.svg/681px-SV-Werder-Bremen-Logo.svg.png,0,1,,,
2005,bl1,2006-02-04T15:30:00,2006-02-04T14:30:00Z,19,40,FC Bayern München,https://i.imgur.com/jJEsJrj.png,6,Bayer Leverkusen,https://upload.wikimedia.org/wikipedia/de/thumb/f/f7/Bayer_Leverkusen_Logo.svg/1200px-Bayer_Leverkusen_Logo.svg.png,1,0,,,
2005,bl1,2006-02-04T15:30:00,2006-02-04T14:30:00Z,19,9,FC Schalke 04,https://upload.wikimedia.org/wikipedia/commons/6/6d/FC_Schalke_04_Logo.svg,7,Borussia Dortmund,https://upload.wikimedia.org/wikipedia/commons/thumb/6/67/Borussia_Dortmund_logo.svg/560px-Borussia_Dortmund_logo.svg.png,0,0,,,
2005,bl1,2006-02-04T15:30:00,2006-02-04T14:30:00Z,19,91,Eintracht Frankfurt,https://i.imgur.com/X8NFkOb.png,54,Hertha BSC,https://i.imgur.com/apFwbYZ.png,1,1,,,
2005,bl1,2006-02-04T15:30:00,2006-02-04T14:30:00Z,19,107,MSV Duisburg,https://upload.wikimedia.org/wikipedia/en/c/c8/Msv_duisburg%28new%29.svg,76,1. FC Kaiserslautern,https://upload.wikimedia.org/wikipedia/commons/d/d3/Logo_1_FC_Kaiserslautern.svg,2,2,,,
2005,bl1,2006-02-04T15:30:00,2006-02-04T14:30:00Z,19,65,1. FC Köln,https://upload.wikimedia.org/wikipedia/en/thumb/5/53/FC_Cologne_logo.svg/1200px-FC_Cologne_logo.svg.png,16,VfB Stuttgart,https://i.imgur.com/v0tkpNx.png,0,0,,,
2005,bl1,2006-02-04T15:30:00,2006-02-04T14:30:00Z,19,134,Werder Bremen,https://upload.wikimedia.org/wikipedia/commons/thumb/b/be/SV-Werder-Bremen-Logo.svg/681px-SV-Werder-Bremen-Logo.svg.png,81,1. FSV Mainz 05,https://upload.wikimedia.org/wikipedia/commons/thumb/9/9e/Logo_Mainz_05.svg/1200px-Logo_Mainz_05.svg.png,4,2,,,
2005,bl1,2006-02-04T15:30:00,2006-02-04T14:30:00Z,19,100,Hamburger SV,https://upload.wikimedia.org/wikipedia/commons/f/f7/Hamburger_SV_logo.svg,83,Arminia Bielefeld,https://upload.wikimedia.org/wikipedia/de/thumb/e/e5/Logo_Arminia_Bielefeld.svg/2000px-Logo_Arminia_Bielefeld.svg.png,2,1,,,
2005,bl1,2006-02-05T17:30:00,2006-02-05T16:30:00Z,19,131,VfL Wolfsburg,https://i.imgur.com/ucqKV4B.png,87,Borussia Mönchengladbach,https://i.imgur.com/KSIk0Eu.png,2,0,,,
2005,bl1,2006-02-05T17:30:00,2006-02-05T16:30:00Z,19,55,Hannover 96,https://upload.wikimedia.org/wikipedia/commons/c/cd/Hannover_96_Logo.svg,79,1. FC Nürnberg,https://upload.wikimedia.org/wikipedia/commons/f/fa/1._FC_Nürnberg_logo.svg,1,1,,,
2005,bl1,2006-02-07T20:00:00,2006-02-07T19:00:00Z,20,76,1. FC Kaiserslautern,https://upload.wikimedia.org/wikipedia/commons/d/d3/Logo_1_FC_Kaiserslautern.svg,65,1. FC Köln,https://upload.wikimedia.org/wikipedia/en/thumb/5/53/FC_Cologne_logo.svg/1200px-FC_Cologne_logo.svg.png,2,2,,,
2005,bl1,2006-02-07T20:00:00,2006-02-07T19:00:00Z,20,7,Borussia Dortmund,https://upload.wikimedia.org/wikipedia/commons/thumb/6/67/Borussia_Dortmund_logo.svg/560px-Borussia_Dortmund_logo.svg.png,107,MSV Duisburg,https://upload.wikimedia.org/wikipedia/en/c/c8/Msv_duisburg%28new%29.svg,2,0,,,
2005,bl1,2006-02-07T20:00:00,2006-02-07T19:00:00Z,20,54,Hertha BSC,https://i.imgur.com/apFwbYZ.png,40,FC Bayern München,https://i.imgur.com/jJEsJrj.png,0,0,,,
2005,bl1,2006-02-07T20:00:00,2006-02-07T19:00:00Z,20,81,1. FSV Mainz 05,https://upload.wikimedia.org/wikipedia/commons/thumb/9/9e/Logo_Mainz_05.svg/1200px-Logo_Mainz_05.svg.png,83,Arminia Bielefeld,https://upload.wikimedia.org/wikipedia/de/thumb/e/e5/Logo_Arminia_Bielefeld.svg/2000px-Logo_Arminia_Bielefeld.svg.png,1,1,,,
2005,bl1,2006-02-08T20:00:00,2006-02-08T19:00:00Z,20,87,Borussia Mönchengladbach,https://i.imgur.com/KSIk0Eu.png,9,FC Schalke 04,https://upload.wikimedia.org/wikipedia/commons/6/6d/FC_Schalke_04_Logo.svg,0,0,,,
2005,bl1,2006-02-08T20:00:00,2006-02-08T19:00:00Z,20,55,Hannover 96,https://upload.wikimedia.org/wikipedia/commons/c/cd/Hannover_96_Logo.svg,100,Hamburger SV,https://upload.wikimedia.org/wikipedia/commons/f/f7/Hamburger_SV_logo.svg,2,1,,,
2005,bl1,2006-02-08T20:00:00,2006-02-08T19:00:00Z,20,6,Bayer Leverkusen,https://upload.wikimedia.org/wikipedia/de/thumb/f/f7/Bayer_Leverkusen_Logo.svg/1200px-Bayer_Leverkusen_Logo.svg.png,131,VfL Wolfsburg,https://i.imgur.com/ucqKV4B.png,4,0,,,
2005,bl1,2006-02-08T20:00:00,2006-02-08T19:00:00Z,20,16,VfB Stuttgart,https://i.imgur.com/v0tkpNx.png,134,Werder Bremen,https://upload.wikimedia.org/wikipedia/commons/thumb/b/be/SV-Werder-Bremen-Logo.svg/681px-SV-Werder-Bremen-Logo.svg.png,0,0,,,
2005,bl1,2006-02-08T20:00:00,2006-02-08T19:00:00Z,20,79,1. FC Nürnberg,https://upload.wikimedia.org/wikipedia/commons/f/fa/1._FC_Nürnberg_logo.svg,91,Eintracht Frankfurt,https://i.imgur.com/X8NFkOb.png,0,1,,,
2005,bl1,2006-02-11T15:30:00,2006-02-11T14:30:00Z,21,9,FC Schalke 04,https://upload.wikimedia.org/wikipedia/commons/6/6d/FC_Schalke_04_Logo.svg,6,Bayer Leverkusen,https://upload.wikimedia.org/wikipedia/de/thumb/f/f7/Bayer_Leverkusen_Logo.svg/1200px-Bayer_Leverkusen_Logo.svg.png,7,4,,,
2005,bl1,2006-02-11T15:30:00,2006-02-11T14:30:00Z,21,107,MSV Duisburg,https://upload.wikimedia.org/wikipedia/en/c/c8/Msv_duisburg%28new%29.svg,87,Borussia Mönchengladbach,https://i.imgur.com/KSIk0Eu.png,1,1,,,
2005,bl1,2006-02-11T15:30:00,2006-02-11T14:30:00Z,21,131,VfL Wolfsburg,https://i.imgur.com/ucqKV4B.png,54,Hertha BSC,https://i.imgur.com/apFwbYZ.png,1,1,,,
2005,bl1,2006-02-11T15:30:00,2006-02-11T14:30:00Z,21,134,Werder Bremen,https://upload.wikimedia.org/wikipedia/commons/thumb/b/be/SV-Werder-Bremen-Logo.svg/681px-SV-Werder-Bremen-Logo.svg.png,76,1. FC Kaiserslautern,https://upload.wikimedia.org/wikipedia/commons/d/d3/Logo_1_FC_Kaiserslautern.svg,0,2,,,
2005,bl1,2006-02-11T15:30:00,2006-02-11T14:30:00Z,21,83,Arminia Bielefeld,https://upload.wikimedia.org/wikipedia/de/thumb/e/e5/Logo_Arminia_Bielefeld.svg/2000px-Logo_Arminia_Bielefeld.svg.png,16,VfB Stuttgart,https://i.imgur.com/v0tkpNx.png,2,1,,,
2005,bl1,2006-02-11T15:30:00,2006-02-11T14:30:00Z,21,100,Hamburger SV,https://upload.wikimedia.org/wikipedia/commons/f/f7/Hamburger_SV_logo.svg,81,1. FSV Mainz 05,https://upload.wikimedia.org/wikipedia/commons/thumb/9/9e/Logo_Mainz_05.svg/1200px-Logo_Mainz_05.svg.png,1,0,,,
2005,bl1,2006-02-11T15:30:00,2006-02-11T14:30:00Z,21,91,Eintracht Frankfurt,https://i.imgur.com/X8NFkOb.png,55,Hannover 96,https://upload.wikimedia.org/wikipedia/commons/c/cd/Hannover_96_Logo.svg,0,1,,,
2005,bl1,2006-02-12T17:30:00,2006-02-12T16:30:00Z,21,65,1. FC Köln,https://upload.wikimedia.org/wikipedia/en/thumb/5/53/FC_Cologne_logo.svg/1200px-FC_Cologne_logo.svg.png,7,Borussia Dortmund,https://upload.wikimedia.org/wikipedia/commons/thumb/6/67/Borussia_Dortmund_logo.svg/560px-Borussia_Dortmund_logo.svg.png,0,0,,,
2005,bl1,2006-02-12T17:30:00,2006-02-12T16:30:00Z,21,40,FC Bayern München,https://i.imgur.com/jJEsJrj.png,79,1. FC Nürnberg,https://upload.wikimedia.org/wikipedia/commons/f/fa/1._FC_Nürnberg_logo.svg,2,1,,,
2005,bl1,2006-02-18T15:30:00,2006-02-18T14:30:00Z,22,87,Borussia Mönchengladbach,https://i.imgur.com/KSIk0Eu.png,65,1. FC Köln,https://upload.wikimedia.org/wikipedia/en/thumb/5/53/FC_Cologne_logo.svg/1200px-FC_Cologne_logo.svg.png,2,0,,,
2005,bl1,2006-02-18T15:30:00,2006-02-18T14:30:00Z,22,6,Bayer Leverkusen,https://upload.wikimedia.org/wikipedia/de/thumb/f/f7/Bayer_Leverkusen_Logo.svg/1200px-Bayer_Leverkusen_Logo.svg.png,107,MSV Duisburg,https://upload.wikimedia.org/wikipedia/en/c/c8/Msv_duisburg%28new%29.svg,3,2,,,
2005,bl1,2006-02-18T15:30:00,2006-02-18T14:30:00Z,22,54,Hertha BSC,https://i.imgur.com/apFwbYZ.png,9,FC Schalke 04,https://upload.wikimedia.org/wikipedia/commons/6/6d/FC_Schalke_04_Logo.svg,1,2,,,
2005,bl1,2006-02-18T15:30:00,2006-02-18T14:30:00Z,22,79,1. FC Nürnberg,https://upload.wikimedia.org/wikipedia/commons/f/fa/1._FC_Nürnberg_logo.svg,131,VfL Wolfsburg,https://i.imgur.com/ucqKV4B.png,1,0,,,
2005,bl1,2006-02-18T15:30:00,2006-02-18T14:30:00Z,22,7,Borussia Dortmund,https://upload.wikimedia.org/wikipedia/commons/thumb/6/67/Borussia_Dortmund_logo.svg/560px-Borussia_Dortmund_logo.svg.png,134,Werder Bremen,https://upload.wikimedia.org/wikipedia/commons/thumb/b/be/SV-Werder-Bremen-Logo.svg/681px-SV-Werder-Bremen-Logo.svg.png,0,1,,,
2005,bl1,2006-02-18T15:30:00,2006-02-18T14:30:00Z,22,55,Hannover 96,https://upload.wikimedia.org/wikipedia/commons/c/cd/Hannover_96_Logo.svg,40,FC Bayern München,https://i.imgur.com/jJEsJrj.png,1,1,,,
2005,bl1,2006-02-18T15:30:00,2006-02-18T14:30:00Z,22,76,1. FC Kaiserslautern,https://upload.wikimedia.org/wikipedia/commons/d/d3/Logo_1_FC_Kaiserslautern.svg,83,Arminia Bielefeld,https://upload.wikimedia.org/wikipedia/de/thumb/e/e5/Logo_Arminia_Bielefeld.svg/2000px-Logo_Arminia_Bielefeld.svg.png,2,0,,,
2005,bl1,2006-02-19T17:30:00,2006-02-19T16:30:00Z,22,91,Eintracht Frankfurt,https://i.imgur.com/X8NFkOb.png,100,Hamburger SV,https://upload.wikimedia.org/wikipedia/commons/f/f7/Hamburger_SV_logo.svg,1,2,,,
2005,bl1,2006-02-19T17:30:00,2006-02-19T16:30:00Z,22,16,VfB Stuttgart,https://i.imgur.com/v0tkpNx.png,81,1. FSV Mainz 05,https://upload.wikimedia.org/wikipedia/commons/thumb/9/9e/Logo_Mainz_05.svg/1200px-Logo_Mainz_05.svg.png,2,1,,,
2005,bl1,2006-02-25T15:30:00,2006-02-25T14:30:00Z,23,65,1. FC Köln,https://upload.wikimedia.org/wikipedia/en/thumb/5/53/FC_Cologne_logo.svg/1200px-FC_Cologne_logo.svg.png,6,Bayer Leverkusen,https://upload.wikimedia.org/wikipedia/de/thumb/f/f7/Bayer_Leverkusen_Logo.svg/1200px-Bayer_Leverkusen_Logo.svg.png,0,3,,,
2005,bl1,2006-02-25T15:30:00,2006-02-25T14:30:00Z,23,134,Werder Bremen,https://upload.wikimedia.org/wikipedia/commons/thumb/b/be/SV-Werder-Bremen-Logo.svg/681px-SV-Werder-Bremen-Logo.svg.png,87,Borussia Mönchengladbach,https://i.imgur.com/KSIk0Eu.png,2,0,,,
2005,bl1,2006-02-25T15:30:00,2006-02-25T14:30:00Z,23,83,Arminia Bielefeld,https://upload.wikimedia.org/wikipedia/de/thumb/e/e5/Logo_Arminia_Bielefeld.svg/2000px-Logo_Arminia_Bielefeld.svg.png,7,Borussia Dortmund,https://upload.wikimedia.org/wikipedia/commons/thumb/6/67/Borussia_Dortmund_logo.svg/560px-Borussia_Dortmund_logo.svg.png,1,0,,,
2005,bl1,2006-02-25T15:30:00,2006-02-25T14:30:00Z,23,81,1. FSV Mainz 05,https://upload.wikimedia.org/wikipedia/commons/thumb/9/9e/Logo_Mainz_05.svg/1200px-Logo_Mainz_05.svg.png,76,1. FC Kaiserslautern,https://upload.wikimedia.org/wikipedia/commons/d/d3/Logo_1_FC_Kaiserslautern.svg,0,2,,,
2005,bl1,2006-02-25T15:30:00,2006-02-25T14:30:00Z,23,9,FC Schalke 04,https://upload.wikimedia.org/wikipedia/commons/6/6d/FC_Schalke_04_Logo.svg,79,1. FC Nürnberg,https://upload.wikimedia.org/wikipedia/commons/f/fa/1._FC_Nürnberg_logo.svg,2,0,,,
2005,bl1,2006-02-25T15:30:00,2006-02-25T14:30:00Z,23,40,FC Bayern München,https://i.imgur.com/jJEsJrj.png,91,Eintracht Frankfurt,https://i.imgur.com/X8NFkOb.png,5,2,,,
2005,bl1,2006-02-25T15:30:00,2006-02-25T14:30:00Z,23,131,VfL Wolfsburg,https://i.imgur.com/ucqKV4B.png,55,Hannover 96,https://upload.wikimedia.org/wikipedia/commons/c/cd/Hannover_96_Logo.svg,2,1,,,
2005,bl1,2006-02-26T17:30:00,2006-02-26T16:30:00Z,23,107,MSV Duisburg,https://upload.wikimedia.org/wikipedia/en/c/c8/Msv_duisburg%28new%29.svg,54,Hertha BSC,https://i.imgur.com/apFwbYZ.png,2,1,,,
2005,bl1,2006-02-26T17:30:00,2006-02-26T16:30:00Z,23,100,Hamburger SV,https://upload.wikimedia.org/wikipedia/commons/f/f7/Hamburger_SV_logo.svg,16,VfB Stuttgart,https://i.imgur.com/v0tkpNx.png,0,2,,,
2005,bl1,2006-03-04T15:30:00,2006-03-04T14:30:00Z,24,54,Hertha BSC,https://i.imgur.com/apFwbYZ.png,65,1. FC Köln,https://upload.wikimedia.org/wikipedia/en/thumb/5/53/FC_Cologne_logo.svg/1200px-FC_Cologne_logo.svg.png,2,4,,,
2005,bl1,2006-03-04T15:30:00,2006-03-04T14:30:00Z,24,79,1. FC Nürnberg,https://upload.wikimedia.org/wikipedia/commons/f/fa/1._FC_Nürnberg_logo.svg,107,MSV Duisburg,https://upload.wikimedia.org/wikipedia/en/c/c8/Msv_duisburg%28new%29.svg,3,0,,,
2005,bl1,2006-03-04T15:30:00,2006-03-04T14:30:00Z,24,55,Hannover 96,https://upload.wikimedia.org/wikipedia/commons/c/cd/Hannover_96_Logo.svg,9,FC Schalke 04,https://upload.wikimedia.org/wikipedia/commons/6/6d/FC_Schalke_04_Logo.svg,1,2,,,
2005,bl1,2006-03-04T15:30:00,2006-03-04T14:30:00Z,24,40,FC Bayern München,https://i.imgur.com/jJEsJrj.png,100,Hamburger SV,https://upload.wikimedia.org/wikipedia/commons/f/f7/Hamburger_SV_logo.svg,1,2,,,
2005,bl1,2006-03-04T15:30:00,2006-03-04T14:30:00Z,24,6,Bayer Leverkusen,https://upload.wikimedia.org/wikipedia/de/thumb/f/f7/Bayer_Leverkusen_Logo.svg/1200px-Bayer_Leverkusen_Logo.svg.png,134,Werder Bremen,https://upload.wikimedia.org/wikipedia/commons/thumb/b/be/SV-Werder-Bremen-Logo.svg/681px-SV-Werder-Bremen-Logo.svg.png,1,1,,,
2005,bl1,2006-03-04T15:30:00,2006-03-04T14:30:00Z,24,7,Borussia Dortmund,https://upload.wikimedia.org/wikipedia/commons/thumb/6/67/Borussia_Dortmund_logo.svg/560px-Borussia_Dortmund_logo.svg.png,81,1. FSV Mainz 05,https://upload.wikimedia.org/wikipedia/commons/thumb/9/9e/Logo_Mainz_05.svg/1200px-Logo_Mainz_05.svg.png,1,1,,,
2005,bl1,2006-03-05T17:30:00,2006-03-05T16:30:00Z,24,91,Eintracht Frankfurt,https://i.imgur.com/X8NFkOb.png,131,VfL Wolfsburg,https://i.imgur.com/ucqKV4B.png,1,1,,,
2005,bl1,2006-03-05T17:30:00,2006-03-05T16:30:00Z,24,87,Borussia Mönchengladbach,https://i.imgur.com/KSIk0Eu.png,83,Arminia Bielefeld,https://upload.wikimedia.org/wikipedia/de/thumb/e/e5/Logo_Arminia_Bielefeld.svg/2000px-Logo_Arminia_Bielefeld.svg.png,2,0,,,
2005,bl1,2006-03-07T18:00:00,2006-03-07T17:00:00Z,24,76,1. FC Kaiserslautern,https://upload.wikimedia.org/wikipedia/commons/d/d3/Logo_1_FC_Kaiserslautern.svg,16,VfB Stuttgart,https://i.imgur.com/v0tkpNx.png,1,1,,,
2005,bl1,2006-03-11T15:30:00,2006-03-11T14:30:00Z,25,83,Arminia Bielefeld,https://upload.wikimedia.org/wikipedia/de/thumb/e/e5/Logo_Arminia_Bielefeld.svg/2000px-Logo_Arminia_Bielefeld.svg.png,6,Bayer Leverkusen,https://upload.wikimedia.org/wikipedia/de/thumb/f/f7/Bayer_Leverkusen_Logo.svg/1200px-Bayer_Leverkusen_Logo.svg.png,1,0,,,
2005,bl1,2006-03-11T15:30:00,2006-03-11T14:30:00Z,25,81,1. FSV Mainz 05,https://upload.wikimedia.org/wikipedia/commons/thumb/9/9e/Logo_Mainz_05.svg/1200px-Logo_Mainz_05.svg.png,87,Borussia Mönchengladbach,https://i.imgur.com/KSIk0Eu.png,3,0,,,
2005,bl1,2006-03-11T15:30:00,2006-03-11T14:30:00Z,25,16,VfB Stuttgart,https://i.imgur.com/v0tkpNx.png,7,Borussia Dortmund,https://upload.wikimedia.org/wikipedia/commons/thumb/6/67/Borussia_Dortmund_logo.svg/560px-Borussia_Dortmund_logo.svg.png,0,0,,,
2005,bl1,2006-03-11T15:30:00,2006-03-11T14:30:00Z,25,134,Werder Bremen,https://upload.wikimedia.org/wikipedia/commons/thumb/b/be/SV-Werder-Bremen-Logo.svg/681px-SV-Werder-Bremen-Logo.svg.png,54,Hertha BSC,https://i.imgur.com/apFwbYZ.png,0,3,,,
2005,bl1,2006-03-11T15:30:00,2006-03-11T14:30:00Z,25,65,1. FC Köln,https://upload.wikimedia.org/wikipedia/en/thumb/5/53/FC_Cologne_logo.svg/1200px-FC_Cologne_logo.svg.png,79,1. FC Nürnberg,https://upload.wikimedia.org/wikipedia/commons/f/fa/1._FC_Nürnberg_logo.svg,3,4,,,
2005,bl1,2006-03-11T15:30:00,2006-03-11T14:30:00Z,25,131,VfL Wolfsburg,https://i.imgur.com/ucqKV4B.png,40,FC Bayern München,https://i.imgur.com/jJEsJrj.png,0,0,,,
2005,bl1,2006-03-11T15:30:00,2006-03-11T14:30:00Z,25,107,MSV Duisburg,https://upload.wikimedia.org/wikipedia/en/c/c8/Msv_duisburg%28new%29.svg,55,Hannover 96,https://upload.wikimedia.org/wikipedia/commons/c/cd/Hannover_96_Logo.svg,0,0,,,
2005,bl1,2006-03-12T17:30:00,2006-03-12T16:30:00Z,25,9,FC Schalke 04,https://upload.wikimedia.org/wikipedia/commons/6/6d/FC_Schalke_04_Logo.svg,91,Eintracht Frankfurt,https://i.imgur.com/X8NFkOb.png,2,0,,,
2005,bl1,2006-03-12T18:45:00,2006-03-12T17:45:00Z,25,100,Hamburger SV,https://upload.wikimedia.org/wikipedia/commons/f/f7/Hamburger_SV_logo.svg,76,1. FC Kaiserslautern,https://upload.wikimedia.org/wikipedia/commons/d/d3/Logo_1_FC_Kaiserslautern.svg,3,0,,,
2005,bl1,2006-03-18T15:30:00,2006-03-18T14:30:00Z,26,55,Hannover 96,https://upload.wikimedia.org/wikipedia/commons/c/cd/Hannover_96_Logo.svg,65,1. FC Köln,https://upload.wikimedia.org/wikipedia/en/thumb/5/53/FC_Cologne_logo.svg/1200px-FC_Cologne_logo.svg.png,1,0,,,
2005,bl1,2006-03-18T15:30:00,2006-03-18T14:30:00Z,26,91,Eintracht Frankfurt,https://i.imgur.com/X8NFkOb.png,107,MSV Duisburg,https://upload.wikimedia.org/wikipedia/en/c/c8/Msv_duisburg%28new%29.svg,5,2,,,
2005,bl1,2006-03-18T15:30:00,2006-03-18T14:30:00Z,26,131,VfL Wolfsburg,https://i.imgur.com/ucqKV4B.png,100,Hamburger SV,https://upload.wikimedia.org/wikipedia/commons/f/f7/Hamburger_SV_logo.svg,0,1,,,
2005,bl1,2006-03-18T15:30:00,2006-03-18T14:30:00Z,26,7,Borussia Dortmund,https://upload.wikimedia.org/wikipedia/commons/thumb/6/67/Borussia_Dortmund_logo.svg/560px-Borussia_Dortmund_logo.svg.png,76,1. FC Kaiserslautern,https://upload.wikimedia.org/wikipedia/commons/d/d3/Logo_1_FC_Kaiserslautern.svg,2,1,,,
2005,bl1,2006-03-18T15:30:00,2006-03-18T14:30:00Z,26,79,1. FC Nürnberg,https://upload.wikimedia.org/wikipedia/commons/f/fa/1._FC_Nürnberg_logo.svg,134,Werder Bremen,https://upload.wikimedia.org/wikipedia/commons/thumb/b/be/SV-Werder-Bremen-Logo.svg/681px-SV-Werder-Bremen-Logo.svg.png,3,1,,,
2005,bl1,2006-03-18T15:30:00,2006-03-18T14:30:00Z,26,87,Borussia Mönchengladbach,https://i.imgur.com/KSIk0Eu.png,16,VfB Stuttgart,https://i.imgur.com/v0tkpNx.png,1,1,,,
2005,bl1,2006-03-18T15:30:00,2006-03-18T14:30:00Z,26,6,Bayer Leverkusen,https://upload.wikimedia.org/wikipedia/de/thumb/f/f7/Bayer_Leverkusen_Logo.svg/1200px-Bayer_Leverkusen_Logo.svg.png,81,1. FSV Mainz 05,https://upload.wikimedia.org/wikipedia/commons/thumb/9/9e/Logo_Mainz_05.svg/1200px-Logo_Mainz_05.svg.png,1,2,,,
2005,bl1,2006-03-19T17:30:00,2006-03-19T16:30:00Z,26,40,FC Bayern München,https://i.imgur.com/jJEsJrj.png,9,FC Schalke 04,https://upload.wikimedia.org/wikipedia/commons/6/6d/FC_Schalke_04_Logo.svg,3,0,,,
2005,bl1,2006-03-19T17:30:00,2006-03-19T16:30:00Z,26,54,Hertha BSC,https://i.imgur.com/apFwbYZ.png,83,Arminia Bielefeld,https://upload.wikimedia.org/wikipedia/de/thumb/e/e5/Logo_Arminia_Bielefeld.svg/2000px-Logo_Arminia_Bielefeld.svg.png,1,0,,,
2005,bl1,2006-03-25T15:30:00,2006-03-25T14:30:00Z,27,16,VfB Stuttgart,https://i.imgur.com/v0tkpNx.png,6,Bayer Leverkusen,https://upload.wikimedia.org/wikipedia/de/thumb/f/f7/Bayer_Leverkusen_Logo.svg/1200px-Bayer_Leverkusen_Logo.svg.png,0,2,,,
2005,bl1,2006-03-25T15:30:00,2006-03-25T14:30:00Z,27,100,Hamburger SV,https://upload.wikimedia.org/wikipedia/commons/f/f7/Hamburger_SV_logo.svg,7,Borussia Dortmund,https://upload.wikimedia.org/wikipedia/commons/thumb/6/67/Borussia_Dortmund_logo.svg/560px-Borussia_Dortmund_logo.svg.png,2,4,,,
2005,bl1,2006-03-25T15:30:00,2006-03-25T14:30:00Z,27,81,1. FSV Mainz 05,https://upload.wikimedia.org/wikipedia/commons/thumb/9/9e/Logo_Mainz_05.svg/1200px-Logo_Mainz_05.svg.png,54,Hertha BSC,https://i.imgur.com/apFwbYZ.png,2,2,,,
2005,bl1,2006-03-25T15:30:00,2006-03-25T14:30:00Z,27,9,FC Schalke 04,https://upload.wikimedia.org/wikipedia/commons/6/6d/FC_Schalke_04_Logo.svg,131,VfL Wolfsburg,https://i.imgur.com/ucqKV4B.png,2,2,,,
2005,bl1,2006-03-25T15:30:00,2006-03-25T14:30:00Z,27,107,MSV Duisburg,https://upload.wikimedia.org/wikipedia/en/c/c8/Msv_duisburg%28new%29.svg,40,FC Bayern München,https://i.imgur.com/jJEsJrj.png,1,3,,,
2005,bl1,2006-03-25T15:30:00,2006-03-25T14:30:00Z,27,65,1. FC Köln,https://upload.wikimedia.org/wikipedia/en/thumb/5/53/FC_Cologne_logo.svg/1200px-FC_Cologne_logo.svg.png,91,Eintracht Frankfurt,https://i.imgur.com/X8NFkOb.png,1,1,,,
2005,bl1,2006-03-25T15:30:00,2006-03-25T14:30:00Z,27,134,Werder Bremen,https://upload.wikimedia.org/wikipedia/commons/thumb/b/be/SV-Werder-Bremen-Logo.svg/681px-SV-Werder-Bremen-Logo.svg.png,55,Hannover 96,https://upload.wikimedia.org/wikipedia/commons/c/cd/Hannover_96_Logo.svg,5,0,,,
2005,bl1,2006-03-26T17:30:00,2006-03-26T15:30:00Z,27,76,1. FC Kaiserslautern,https://upload.wikimedia.org/wikipedia/commons/d/d3/Logo_1_FC_Kaiserslautern.svg,87,Borussia Mönchengladbach,https://i.imgur.com/KSIk0Eu.png,3,0,,,
2005,bl1,2006-03-26T17:30:00,2006-03-26T15:30:00Z,27,83,Arminia Bielefeld,https://upload.wikimedia.org/wikipedia/de/thumb/e/e5/Logo_Arminia_Bielefeld.svg/2000px-Logo_Arminia_Bielefeld.svg.png,79,1. FC Nürnberg,https://upload.wikimedia.org/wikipedia/commons/f/fa/1._FC_Nürnberg_logo.svg,0,0,,,
2005,bl1,2006-04-01T15:30:00,2006-04-01T13:30:00Z,28,40,FC Bayern München,https://i.imgur.com/jJEsJrj.png,65,1. FC Köln,https://upload.wikimedia.org/wikipedia/en/thumb/5/53/FC_Cologne_logo.svg/1200px-FC_Cologne_logo.svg.png,2,2,,,
2005,bl1,2006-04-01T15:30:00,2006-04-01T13:30:00Z,28,131,VfL Wolfsburg,https://i.imgur.com/ucqKV4B.png,107,MSV Duisburg,https://upload.wikimedia.org/wikipedia/en/c/c8/Msv_duisburg%28new%29.svg,1,1,,,
2005,bl1,2006-04-01T15:30:00,2006-04-01T13:30:00Z,28,87,Borussia Mönchengladbach,https://i.imgur.com/KSIk0Eu.png,7,Borussia Dortmund,https://upload.wikimedia.org/wikipedia/commons/thumb/6/67/Borussia_Dortmund_logo.svg/560px-Borussia_Dortmund_logo.svg.png,2,1,,,
2005,bl1,2006-04-01T15:30:00,2006-04-01T13:30:00Z,28,6,Bayer Leverkusen,https://upload.wikimedia.org/wikipedia/de/thumb/f/f7/Bayer_Leverkusen_Logo.svg/1200px-Bayer_Leverkusen_Logo.svg.png,76,1. FC Kaiserslautern,https://upload.wikimedia.org/wikipedia/commons/d/d3/Logo_1_FC_Kaiserslautern.svg,5,1,,,
2005,bl1,2006-04-01T15:30:00,2006-04-01T13:30:00Z,28,91,Eintracht Frankfurt,https://i.imgur.com/X8NFkOb.png,134,Werder Bremen,https://upload.wikimedia.org/wikipedia/commons/thumb/b/be/SV-Werder-Bremen-Logo.svg/681px-SV-Werder-Bremen-Logo.svg.png,0,1,,,
2005,bl1,2006-04-01T15:30:00,2006-04-01T13:30:00Z,28,54,Hertha BSC,https://i.imgur.com/apFwbYZ.png,16,VfB Stuttgart,https://i.imgur.com/v0tkpNx.png,2,0,,,
2005,bl1,2006-04-01T15:30:00,2006-04-01T13:30:00Z,28,79,1. FC Nürnberg,https://upload.wikimedia.org/wikipedia/commons/f/fa/1._FC_Nürnberg_logo.svg,81,1. FSV Mainz 05,https://upload.wikimedia.org/wikipedia/commons/thumb/9/9e/Logo_Mainz_05.svg/1200px-Logo_Mainz_05.svg.png,3,0,,,
2005,bl1,2006-04-02T17:30:00,2006-04-02T15:30:00Z,28,9,FC Schalke 04,https://upload.wikimedia.org/wikipedia/commons/6/6d/FC_Schalke_04_Logo.svg,100,Hamburger SV,https://upload.wikimedia.org/wikipedia/commons/f/f7/Hamburger_SV_logo.svg,0,2,,,
2005,bl1,2006-04-02T17:30:00,2006-04-02T15:30:00Z,28,55,Hannover 96,https://upload.wikimedia.org/wikipedia/commons/c/cd/Hannover_96_Logo.svg,83,Arminia Bielefeld,https://upload.wikimedia.org/wikipedia/de/thumb/e/e5/Logo_Arminia_Bielefeld.svg/2000px-Logo_Arminia_Bielefeld.svg.png,0,1,,,
2005,bl1,2006-04-08T15:30:00,2006-04-08T13:30:00Z,29,7,Borussia Dortmund,https://upload.wikimedia.org/wikipedia/commons/thumb/6/67/Borussia_Dortmund_logo.svg/560px-Borussia_Dortmund_logo.svg.png,6,Bayer Leverkusen,https://upload.wikimedia.org/wikipedia/de/thumb/f/f7/Bayer_Leverkusen_Logo.svg/1200px-Bayer_Leverkusen_Logo.svg.png,1,2,,,
2005,bl1,2006-04-08T15:30:00,2006-04-08T13:30:00Z,29,76,1. FC Kaiserslautern,https://upload.wikimedia.org/wikipedia/commons/d/d3/Logo_1_FC_Kaiserslautern.svg,54,Hertha BSC,https://i.imgur.com/apFwbYZ.png,0,2,,,
2005,bl1,2006-04-08T15:30:00,2006-04-08T13:30:00Z,29,65,1. FC Köln,https://upload.wikimedia.org/wikipedia/en/thumb/5/53/FC_Cologne_logo.svg/1200px-FC_Cologne_logo.svg.png,131,VfL Wolfsburg,https://i.imgur.com/ucqKV4B.png,3,0,,,
2005,bl1,2006-04-08T15:30:00,2006-04-08T13:30:00Z,29,16,VfB Stuttgart,https://i.imgur.com/v0tkpNx.png,79,1. FC Nürnberg,https://upload.wikimedia.org/wikipedia/commons/f/fa/1._FC_Nürnberg_logo.svg,1,0,,,
2005,bl1,2006-04-08T15:30:00,2006-04-08T13:30:00Z,29,134,Werder Bremen,https://upload.wikimedia.org/wikipedia/commons/thumb/b/be/SV-Werder-Bremen-Logo.svg/681px-SV-Werder-Bremen-Logo.svg.png,40,FC Bayern München,https://i.imgur.com/jJEsJrj.png,3,0,,,
2005,bl1,2006-04-08T15:30:00,2006-04-08T13:30:00Z,29,83,Arminia Bielefeld,https://upload.wikimedia.org/wikipedia/de/thumb/e/e5/Logo_Arminia_Bielefeld.svg/2000px-Logo_Arminia_Bielefeld.svg.png,91,Eintracht Frankfurt,https://i.imgur.com/X8NFkOb.png,1,0,,,
2005,bl1,2006-04-08T15:30:00,2006-04-08T13:30:00Z,29,81,1. FSV Mainz 05,https://upload.wikimedia.org/wikipedia/commons/thumb/9/9e/Logo_Mainz_05.svg/1200px-Logo_Mainz_05.svg.png,55,Hannover 96,https://upload.wikimedia.org/wikipedia/commons/c/cd/Hannover_96_Logo.svg,0,0,,,
2005,bl1,2006-04-09T17:30:00,2006-04-09T15:30:00Z,29,100,Hamburger SV,https://upload.wikimedia.org/wikipedia/commons/f/f7/Hamburger_SV_logo.svg,87,Borussia Mönchengladbach,https://i.imgur.com/KSIk0Eu.png,2,0,,,
2005,bl1,2006-04-09T17:30:00,2006-04-09T15:30:00Z,29,107,MSV Duisburg,https://upload.wikimedia.org/wikipedia/en/c/c8/Msv_duisburg%28new%29.svg,9,FC Schalke 04,https://upload.wikimedia.org/wikipedia/commons/6/6d/FC_Schalke_04_Logo.svg,1,1,,,
2005,bl1,2006-04-15T15:30:00,2006-04-15T13:30:00Z,30,9,FC Schalke 04,https://upload.wikimedia.org/wikipedia/commons/6/6d/FC_Schalke_04_Logo.svg,65,1. FC Köln,https://upload.wikimedia.org/wikipedia/en/thumb/5/53/FC_Cologne_logo.svg/1200px-FC_Cologne_logo.svg.png,1,1,,,
2005,bl1,2006-04-15T15:30:00,2006-04-15T13:30:00Z,30,6,Bayer Leverkusen,https://upload.wikimedia.org/wikipedia/de/thumb/f/f7/Bayer_Leverkusen_Logo.svg/1200px-Bayer_Leverkusen_Logo.svg.png,87,Borussia Mönchengladbach,https://i.imgur.com/KSIk0Eu.png,2,1,,,
2005,bl1,2006-04-15T15:30:00,2006-04-15T13:30:00Z,30,54,Hertha BSC,https://i.imgur.com/apFwbYZ.png,7,Borussia Dortmund,https://upload.wikimedia.org/wikipedia/commons/thumb/6/67/Borussia_Dortmund_logo.svg/560px-Borussia_Dortmund_logo.svg.png,0,0,,,
2005,bl1,2006-04-15T15:30:00,2006-04-15T13:30:00Z,30,107,MSV Duisburg,https://upload.wikimedia.org/wikipedia/en/c/c8/Msv_duisburg%28new%29.svg,100,Hamburger SV,https://upload.wikimedia.org/wikipedia/commons/f/f7/Hamburger_SV_logo.svg,0,2,,,
2005,bl1,2006-04-15T15:30:00,2006-04-15T13:30:00Z,30,131,VfL Wolfsburg,https://i.imgur.com/ucqKV4B.png,134,Werder Bremen,https://upload.wikimedia.org/wikipedia/commons/thumb/b/be/SV-Werder-Bremen-Logo.svg/681px-SV-Werder-Bremen-Logo.svg.png,1,1,,,
2005,bl1,2006-04-15T15:30:00,2006-04-15T13:30:00Z,30,91,Eintracht Frankfurt,https://i.imgur.com/X8NFkOb.png,81,1. FSV Mainz 05,https://upload.wikimedia.org/wikipedia/commons/thumb/9/9e/Logo_Mainz_05.svg/1200px-Logo_Mainz_05.svg.png,0,0,,,
2005,bl1,2006-04-15T15:30:00,2006-04-15T13:30:00Z,30,40,FC Bayern München,https://i.imgur.com/jJEsJrj.png,83,Arminia Bielefeld,https://upload.wikimedia.org/wikipedia/de/thumb/e/e5/Logo_Arminia_Bielefeld.svg/2000px-Logo_Arminia_Bielefeld.svg.png,2,0,,,
2005,bl1,2006-04-16T17:30:00,2006-04-16T15:30:00Z,30,79,1. FC Nürnberg,https://upload.wikimedia.org/wikipedia/commons/f/fa/1._FC_Nürnberg_logo.svg,76,1. FC Kaiserslautern,https://upload.wikimedia.org/wikipedia/commons/d/d3/Logo_1_FC_Kaiserslautern.svg,3,2,,,
2005,bl1,2006-04-16T17:30:00,2006-04-16T15:30:00Z,30,55,Hannover 96,https://upload.wikimedia.org/wikipedia/commons/c/cd/Hannover_96_Logo.svg,16,VfB Stuttgart,https://i.imgur.com/v0tkpNx.png,3,3,,,
2005,bl1,2006-04-22T15:30:00,2006-04-22T13:30:00Z,31,100,Hamburger SV,https://upload.wikimedia.org/wikipedia/commons/f/f7/Hamburger_SV_logo.svg,6,Bayer Leverkusen,https://upload.wikimedia.org/wikipedia/de/thumb/f/f7/Bayer_Leverkusen_Logo.svg/1200px-Bayer_Leverkusen_Logo.svg.png,0,2,,,
2005,bl1,2006-04-22T15:30:00,2006-04-22T13:30:00Z,31,65,1. FC Köln,https://upload.wikimedia.org/wikipedia/en/thumb/5/53/FC_Cologne_logo.svg/1200px-FC_Cologne_logo.svg.png,107,MSV Duisburg,https://upload.wikimedia.org/wikipedia/en/c/c8/Msv_duisburg%28new%29.svg,3,1,,,
2005,bl1,2006-04-22T15:30:00,2006-04-22T13:30:00Z,31,87,Borussia Mönchengladbach,https://i.imgur.com/KSIk0Eu.png,54,Hertha BSC,https://i.imgur.com/apFwbYZ.png,2,2,,,
2005,bl1,2006-04-22T15:30:00,2006-04-22T13:30:00Z,31,83,Arminia Bielefeld,https://upload.wikimedia.org/wikipedia/de/thumb/e/e5/Logo_Arminia_Bielefeld.svg/2000px-Logo_Arminia_Bielefeld.svg.png,131,VfL Wolfsburg,https://i.imgur.com/ucqKV4B.png,0,1,,,
2005,bl1,2006-04-22T15:30:00,2006-04-22T13:30:00Z,31,7,Borussia Dortmund,https://upload.wikimedia.org/wikipedia/commons/thumb/6/67/Borussia_Dortmund_logo.svg/560px-Borussia_Dortmund_logo.svg.png,79,1. FC Nürnberg,https://upload.wikimedia.org/wikipedia/commons/f/fa/1._FC_Nürnberg_logo.svg,2,1,,,
2005,bl1,2006-04-22T15:30:00,2006-04-22T13:30:00Z,31,16,VfB Stuttgart,https://i.imgur.com/v0tkpNx.png,91,Eintracht Frankfurt,https://i.imgur.com/X8NFkOb.png,0,2,,,
2005,bl1,2006-04-22T15:30:00,2006-04-22T13:30:00Z,31,76,1. FC Kaiserslautern,https://upload.wikimedia.org/wikipedia/commons/d/d3/Logo_1_FC_Kaiserslautern.svg,55,Hannover 96,https://upload.wikimedia.org/wikipedia/commons/c/cd/Hannover_96_Logo.svg,1,0,,,
2005,bl1,2006-04-23T17:30:00,2006-04-23T15:30:00Z,31,134,Werder Bremen,https://upload.wikimedia.org/wikipedia/commons/thumb/b/be/SV-Werder-Bremen-Logo.svg/681px-SV-Werder-Bremen-Logo.svg.png,9,FC Schalke 04,https://upload.wikimedia.org/wikipedia/commons/6/6d/FC_Schalke_04_Logo.svg,0,0,,,
2005,bl1,2006-04-23T17:30:00,2006-04-23T15:30:00Z,31,81,1. FSV Mainz 05,https://upload.wikimedia.org/wikipedia/commons/thumb/9/9e/Logo_Mainz_05.svg/1200px-Logo_Mainz_05.svg.png,40,FC Bayern München,https://i.imgur.com/jJEsJrj.png,2,2,,,
2005,bl1,2006-05-02T20:00:00,2006-05-02T18:00:00Z,32,54,Hertha BSC,https://i.imgur.com/apFwbYZ.png,6,Bayer Leverkusen,https://upload.wikimedia.org/wikipedia/de/thumb/f/f7/Bayer_Leverkusen_Logo.svg/1200px-Bayer_Leverkusen_Logo.svg.png,1,5,,,
2005,bl1,2006-05-02T20:00:00,2006-05-02T18:00:00Z,32,79,1. FC Nürnberg,https://upload.wikimedia.org/wikipedia/commons/f/fa/1._FC_Nürnberg_logo.svg,87,Borussia Mönchengladbach,https://i.imgur.com/KSIk0Eu.png,5,2,,,
2005,bl1,2006-05-02T20:00:00,2006-05-02T18:00:00Z,32,55,Hannover 96,https://upload.wikimedia.org/wikipedia/commons/c/cd/Hannover_96_Logo.svg,7,Borussia Dortmund,https://upload.wikimedia.org/wikipedia/commons/thumb/6/67/Borussia_Dortmund_logo.svg/560px-Borussia_Dortmund_logo.svg.png,1,2,,,
2005,bl1,2006-05-02T20:00:00,2006-05-02T18:00:00Z,32,65,1. FC Köln,https://upload.wikimedia.org/wikipedia/en/thumb/5/53/FC_Cologne_logo.svg/1200px-FC_Cologne_logo.svg.png,100,Hamburger SV,https://upload.wikimedia.org/wikipedia/commons/f/f7/Hamburger_SV_logo.svg,0,1,,,
2005,bl1,2006-05-03T20:00:00,2006-05-03T18:00:00Z,32,91,Eintracht Frankfurt,https://i.imgur.com/X8NFkOb.png,76,1. FC Kaiserslautern,https://upload.wikimedia.org/wikipedia/commons/d/d3/Logo_1_FC_Kaiserslautern.svg,2,2,,,
2005,bl1,2006-05-03T20:00:00,2006-05-03T18:00:00Z,32,107,MSV Duisburg,https://upload.wikimedia.org/wikipedia/en/c/c8/Msv_duisburg%28new%29.svg,134,Werder Bremen,https://upload.wikimedia.org/wikipedia/commons/thumb/b/be/SV-Werder-Bremen-Logo.svg/681px-SV-Werder-Bremen-Logo.svg.png,3,5,,,
2005,bl1,2006-05-03T20:00:00,2006-05-03T18:00:00Z,32,40,FC Bayern München,https://i.imgur.com/jJEsJrj.png,16,VfB Stuttgart,https://i.imgur.com/v0tkpNx.png,3,1,,,
2005,bl1,2006-05-03T20:00:00,2006-05-03T18:00:00Z,32,131,VfL Wolfsburg,https://i.imgur.com/ucqKV4B.png,81,1. FSV Mainz 05,https://upload.wikimedia.org/wikipedia/commons/thumb/9/9e/Logo_Mainz_05.svg/1200px-Logo_Mainz_05.svg.png,0,3,,,
2005,bl1,2006-05-03T20:00:00,2006-05-03T18:00:00Z,32,9,FC Schalke 04,https://upload.wikimedia.org/wikipedia/commons/6/6d/FC_Schalke_04_Logo.svg,83,Arminia Bielefeld,https://upload.wikimedia.org/wikipedia/de/thumb/e/e5/Logo_Arminia_Bielefeld.svg/2000px-Logo_Arminia_Bielefeld.svg.png,3,1,,,
2005,bl1,2006-05-06T15:30:00,2006-05-06T13:30:00Z,33,134,Werder Bremen,https://upload.wikimedia.org/wikipedia/commons/thumb/b/be/SV-Werder-Bremen-Logo.svg/681px-SV-Werder-Bremen-Logo.svg.png,65,1. FC Köln,https://upload.wikimedia.org/wikipedia/en/thumb/5/53/FC_Cologne_logo.svg/1200px-FC_Cologne_logo.svg.png,6,0,,,
2005,bl1,2006-05-06T15:30:00,2006-05-06T13:30:00Z,33,83,Arminia Bielefeld,https://upload.wikimedia.org/wikipedia/de/thumb/e/e5/Logo_Arminia_Bielefeld.svg/2000px-Logo_Arminia_Bielefeld.svg.png,107,MSV Duisburg,https://upload.wikimedia.org/wikipedia/en/c/c8/Msv_duisburg%28new%29.svg,0,2,,,
2005,bl1,2006-05-06T15:30:00,2006-05-06T13:30:00Z,33,81,1. FSV Mainz 05,https://upload.wikimedia.org/wikipedia/commons/thumb/9/9e/Logo_Mainz_05.svg/1200px-Logo_Mainz_05.svg.png,9,FC Schalke 04,https://upload.wikimedia.org/wikipedia/commons/6/6d/FC_Schalke_04_Logo.svg,1,0,,,
2005,bl1,2006-05-06T15:30:00,2006-05-06T13:30:00Z,33,54,Hertha BSC,https://i.imgur.com/apFwbYZ.png,100,Hamburger SV,https://upload.wikimedia.org/wikipedia/commons/f/f7/Hamburger_SV_logo.svg,4,2,,,
2005,bl1,2006-05-06T15:30:00,2006-05-06T13:30:00Z,33,16,VfB Stuttgart,https://i.imgur.com/v0tkpNx.png,131,VfL Wolfsburg,https://i.imgur.com/ucqKV4B.png,2,1,,,
2005,bl1,2006-05-06T15:30:00,2006-05-06T13:30:00Z,33,6,Bayer Leverkusen,https://upload.wikimedia.org/wikipedia/de/thumb/f/f7/Bayer_Leverkusen_Logo.svg/1200px-Bayer_Leverkusen_Logo.svg.png,79,1. FC Nürnberg,https://upload.wikimedia.org/wikipedia/commons/f/fa/1._FC_Nürnberg_logo.svg,2,2,,,
2005,bl1,2006-05-06T15:30:00,2006-05-06T13:30:00Z,33,76,1. FC Kaiserslautern,https://upload.wikimedia.org/wikipedia/commons/d/d3/Logo_1_FC_Kaiserslautern.svg,40,FC Bayern München,https://i.imgur.com/jJEsJrj.png,1,1,,,
2005,bl1,2006-05-06T15:30:00,2006-05-06T13:30:00Z,33,7,Borussia Dortmund,https://upload.wikimedia.org/wikipedia/commons/thumb/6/67/Borussia_Dortmund_logo.svg/560px-Borussia_Dortmund_logo.svg.png,91,Eintracht Frankfurt,https://i.imgur.com/X8NFkOb.png,1,1,,,
2005,bl1,2006-05-06T15:30:00,2006-05-06T13:30:00Z,33,87,Borussia Mönchengladbach,https://i.imgur.com/KSIk0Eu.png,55,Hannover 96,https://upload.wikimedia.org/wikipedia/commons/c/cd/Hannover_96_Logo.svg,2,2,,,
2005,bl1,2006-05-13T15:30:00,2006-05-13T13:30:00Z,34,55,Hannover 96,https://upload.wikimedia.org/wikipedia/commons/c/cd/Hannover_96_Logo.svg,6,Bayer Leverkusen,https://upload.wikimedia.org/wikipedia/de/thumb/f/f7/Bayer_Leverkusen_Logo.svg/1200px-Bayer_Leverkusen_Logo.svg.png,2,2,,,
2005,bl1,2006-05-13T15:30:00,2006-05-13T13:30:00Z,34,91,Eintracht Frankfurt,https://i.imgur.com/X8NFkOb.png,87,Borussia Mönchengladbach,https://i.imgur.com/KSIk0Eu.png,0,2,,,
2005,bl1,2006-05-13T15:30:00,2006-05-13T13:30:00Z,34,40,FC Bayern München,https://i.imgur.com/jJEsJrj.png,7,Borussia Dortmund,https://upload.wikimedia.org/wikipedia/commons/thumb/6/67/Borussia_Dortmund_logo.svg/560px-Borussia_Dortmund_logo.svg.png,3,3,,,
2005,bl1,2006-05-13T15:30:00,2006-05-13T13:30:00Z,34,79,1. FC Nürnberg,https://upload.wikimedia.org/wikipedia/commons/f/fa/1._FC_Nürnberg_logo.svg,54,Hertha BSC,https://i.imgur.com/apFwbYZ.png,2,1,,,
2005,bl1,2006-05-13T15:30:00,2006-05-13T13:30:00Z,34,131,VfL Wolfsburg,https://i.imgur.com/ucqKV4B.png,76,1. FC Kaiserslautern,https://upload.wikimedia.org/wikipedia/commons/d/d3/Logo_1_FC_Kaiserslautern.svg,2,2,,,
2005,bl1,2006-05-13T15:30:00,2006-05-13T13:30:00Z,34,100,Hamburger SV,https://upload.wikimedia.org/wikipedia/commons/f/f7/Hamburger_SV_logo.svg,134,Werder Bremen,https://upload.wikimedia.org/wikipedia/commons/thumb/b/be/SV-Werder-Bremen-Logo.svg/681px-SV-Werder-Bremen-Logo.svg.png,1,2,,,
2005,bl1,2006-05-13T15:30:00,2006-05-13T13:30:00Z,34,9,FC Schalke 04,https://upload.wikimedia.org/wikipedia/commons/6/6d/FC_Schalke_04_Logo.svg,16,VfB Stuttgart,https://i.imgur.com/v0tkpNx.png,3,2,,,
2005,bl1,2006-05-13T15:30:00,2006-05-13T13:30:00Z,34,107,MSV Duisburg,https://upload.wikimedia.org/wikipedia/en/c/c8/Msv_duisburg%28new%29.svg,81,1. FSV Mainz 05,https://upload.wikimedia.org/wikipedia/commons/thumb/9/9e/Logo_Mainz_05.svg/1200px-Logo_Mainz_05.svg.png,0,0,,,
2005,bl1,2006-05-13T15:30:00,2006-05-13T13:30:00Z,34,65,1. FC Köln,https://upload.wikimedia.org/wikipedia/en/thumb/5/53/FC_Cologne_logo.svg/1200px-FC_Cologne_logo.svg.png,83,Arminia Bielefeld,https://upload.wikimedia.org/wikipedia/de/thumb/e/e5/Logo_Arminia_Bielefeld.svg/2000px-Logo_Arminia_Bielefeld.svg.png,4,2,,,
